image_id,x,y,w,h,x_center,y_center,classes
da568071f6a104b49a0ec083e7ec37e5.jpg,145.8957345971564,200.4928909952607,141.04265402843603,150.44549763033174,216.41706161137444,275.7156398104266,1
da891781c9016311cd4443decaea0b0b.jpg,82.50236966824644,108.89099526066352,166.218009478673,247.50710900473942,165.61137440758296,232.64454976303324,1
dad94d11bb16fc0d069824794f50f396.jpg,230.82464454976304,167.1279620853081,142.8625592417062,154.6919431279621,302.25592417061614,244.47393364928917,1
dae6753b4f9699df15b1aaf3ff464de7.jpg,214.44549763033177,123.45023696682465,226.8815165876777,286.02843601895745,327.88625592417065,266.4644549763034,1
daf171111f4ced9e536e9a80efcce2c8.jpg,228.39810426540282,114.65402843601895,140.73933649289103,194.42654028436021,298.7677725118483,211.86729857819904,1
db3edd861f563929a6449b633cdf6b0e.jpg,147.41232227488155,184.1137440758294,161.06161137440756,226.57819905213262,227.94312796208533,297.4028436018957,1
db4ee60e84a24734e434730c9b8aeee1.jpg,131.9431279620853,147.71563981042655,41.85781990521329,59.1469194312796,152.87203791469193,177.28909952606637,1
db4ee60e84a24734e434730c9b8aeee1.jpg,277.8388625592417,160.15165876777252,33.364928909952596,53.99052132701425,294.521327014218,187.14691943127963,1
db4ee60e84a24734e434730c9b8aeee1.jpg,374.29383886255926,156.81516587677726,39.43127962085316,57.02369668246442,394.00947867298584,185.32701421800948,1
dc0267192ef723faabb6beecb2f49c16.jpg,192.00000000000003,195.33649289099534,161.36492890995257,176.5308056872038,272.6824644549763,283.60189573459724,1
dc0fec96b58c060be95d6fb6c3064577.jpg,43.981042654028435,121.93364928909952,20.928909952606638,24.87203791469196,54.44549763033176,134.36966824644549,1
dc0fec96b58c060be95d6fb6c3064577.jpg,117.99052132701422,141.95260663507108,16.985781990521332,24.568720379146953,126.48341232227489,154.23696682464455,1
dc0fec96b58c060be95d6fb6c3064577.jpg,210.19905213270147,133.15639810426543,18.805687203791422,26.388625592417043,219.60189573459718,146.35071090047396,1
dc0fec96b58c060be95d6fb6c3064577.jpg,218.6919431279621,260.2464454976304,97.97156398104264,133.76303317535536,267.6777251184834,327.1279620853081,1
dc0fec96b58c060be95d6fb6c3064577.jpg,387.3364928909953,266.0094786729858,111.01421800947872,135.8862559241706,442.84360189573465,333.9526066350711,1
dc0fec96b58c060be95d6fb6c3064577.jpg,400.3791469194313,112.5308056872038,73.70616113744069,91.60189573459716,437.2322274881517,158.33175355450237,1
dc0fec96b58c060be95d6fb6c3064577.jpg,330.6161137440758,115.56398104265404,70.97630331753561,84.32227488151656,366.10426540284357,157.7251184834123,1
dc0fec96b58c060be95d6fb6c3064577.jpg,39.12796208530806,248.72037914691944,117.38388625592418,135.88625592417063,97.81990521327015,316.66350710900474,1
dc7f608ccd249538ab67b87851df1868.jpg,168.03791469194314,14.255924170616113,266.3127962085307,342.7488151658768,301.19431279620846,185.63033175355451,1
dceb02b3271c41898341a512096ee55e.jpg,114.65402843601895,208.3791469194313,124.05687203791474,136.18957345971566,176.68246445497633,276.4739336492891,1
dd1e934e6501ab2d60cb3f1423e63af7.jpg,166.218009478673,145.5924170616114,169.25118483412317,181.68720379146924,250.8436018957346,236.43601895734602,1
dd62f3209ffe7133044e88143eefb73a.jpg,278.44549763033183,197.1563981042654,51.56398104265395,71.8862559241706,304.2274881516588,233.0995260663507,1
dd6aedbbd7cbb4e187a38f1b664134ef.jpg,130.4265402843602,151.0521327014218,250.5402843601896,291.48815165876783,255.69668246445497,296.79620853080576,1
dddefbc72cf9577cd0fdf1022e1b4c04.jpg,219.6018957345972,146.8056872037915,86.4454976303318,95.5450236966825,262.8246445497631,194.57819905213276,1
de0cf0311d26047ebc566a0e4e22310b.jpg,173.19431279620858,105.25118483412324,221.7251184834123,281.78199052132703,284.05687203791473,246.14218009478674,1
de3bf2d089e4a0f314d451d343c21cb3.jpg,119.81042654028437,185.63033175355446,167.73459715639814,155.60189573459724,203.67772511848344,263.43127962085305,1
de4a76bca038f6129cea9caae573d48b.jpg,154.3886255924171,123.14691943127964,91.60189573459715,160.15165876777252,200.1895734597157,203.22274881516591,1
de4a76bca038f6129cea9caae573d48b.jpg,292.3981042654029,84.92890995260666,102.521327014218,163.18483412322274,343.65876777251185,166.52132701421803,1
dee9b587f06c7de5abba1e5aa3be0a8b.jpg,250.5402843601896,194.7298578199052,181.08056872037926,232.03791469194317,341.08056872037923,310.74881516587675,1
df2cf4cc53f0a2e3cc91b918fadc9648.jpg,204.739336492891,96.15165876777252,95.84834123222751,117.08056872037918,252.66350710900474,154.6919431279621,0
df2eee03d5ed7d879f0d0fc008a8a74e.jpg,156.20853080568722,145.5924170616114,202.61611374407588,250.84360189573465,257.51658767772517,271.0142180094787,0
df3eec22529ca49e6b8e582e8c301c0d.jpg,153.78199052132703,145.28909952606637,222.93838862559238,245.99052132701422,265.25118483412325,268.2843601895735,0
df433e2266d95f01c8b2ede7e0b7b115.jpg,155.60189573459718,100.70142180094787,194.42654028436021,215.35545023696687,252.8151658767773,208.37914691943132,0
df5c3735a467fe7c0908957e60c34dc9.jpg,184.1137440758294,123.45023696682465,175.62085308056874,191.09004739336496,271.92417061611377,218.9952606635071,0
df6bac7697c52d87bb212963f97f8c7d.jpg,177.7440758293839,103.43127962085308,144.9857819905213,168.34123222748818,250.23696682464453,187.60189573459718,0
df6dcc9d0987f2019252f084a393c3d4.jpg,193.2132701421801,225.0616113744076,141.04265402843603,150.74881516587678,263.73459715639814,300.436018957346,0
df78a42ee65f4f94f9694bcddab86d5b.jpg,120.72037914691944,170.1611374407583,206.5592417061612,264.79620853080576,224.00000000000006,302.5592417061612,0
df8c572720f68f7216cc6c4c5751eeb5.jpg,186.84360189573462,186.23696682464455,167.7345971563981,191.09004739336493,270.7109004739337,281.78199052132703,0
df91e50f669bd1d1ee69c2b388ec9d46.jpg,58.84360189573461,84.01895734597157,426.4644549763033,342.14218009478674,272.07582938388623,255.09004739336496,0
dfaab325bfe0ddeefd255884e7ec225a.jpg,199.8862559241706,122.23696682464457,155.60189573459718,195.03317535545023,277.6872037914692,219.7535545023697,0
dfaf0b7324588ae56033710b23a83ddf.jpg,158.6350710900474,169.85781990521332,134.97630331753555,163.18483412322274,226.12322274881518,251.4502369668247,1
dfcb2180416475fe9e446059a3e1c340.jpg,17.592417061611375,120.41706161137442,95.54502369668246,107.07109004739333,65.36492890995261,173.95260663507108,1
dfcb2180416475fe9e446059a3e1c340.jpg,135.2796208530806,119.20379146919431,77.64928909952604,112.22748815165876,174.10426540284362,175.3175355450237,1
dfcb2180416475fe9e446059a3e1c340.jpg,268.739336492891,118.29383886255926,103.12796208530813,114.95734597156402,320.3033175355451,175.77251184834125,1
dfcb2180416475fe9e446059a3e1c340.jpg,392.18957345971563,116.77725118483411,74.61611374407585,107.07109004739337,429.49763033175356,170.3127962085308,1
dfcb2180416475fe9e446059a3e1c340.jpg,401.5924170616114,276.62559241706157,100.70142180094786,123.75355450236975,451.9431279620853,338.50236966824644,1
dfcb2180416475fe9e446059a3e1c340.jpg,302.40758293838866,286.6350710900474,76.13270142180096,113.44075829383894,340.47393364928917,343.3554502369669,1
dfcb2180416475fe9e446059a3e1c340.jpg,140.13270142180096,284.81516587677726,101.91469194312793,114.35071090047393,191.09004739336493,341.9905213270142,1
dfcb2180416475fe9e446059a3e1c340.jpg,49.74407582938389,286.33175355450237,72.7962085308057,112.83412322274881,86.14218009478674,342.74881516587675,1
dfd0c7e0cdf5b55b8493cb02a0263e99.jpg,98.5781990521327,143.77251184834125,318.48341232227494,356.0947867298579,257.8199052132702,321.8199052132702,0
dfe8243241a35812c6e25babee482e2a.jpg,128.90995260663507,128.30331753554503,183.50710900473936,251.7535545023697,220.66350710900474,254.18009478672988,0
dfe9a18f5780c294999218195388e9c6.jpg,164.70142180094788,128.90995260663507,180.77725118483423,212.01895734597153,255.090047393365,234.91943127962082,0
e0018fe509c90a7811b89c1c09085ff0.jpg,158.6350710900474,161.0616113744076,64.303317535545,75.22274881516589,190.78672985781992,198.67298578199052,1
e00fd737ff066c99f239f0d97f2387bb.jpg,81.5924170616114,37.91469194312796,289.6682464454975,346.9952606635072,226.42654028436016,211.41232227488157,0
e02d24bf2105cd6e640935ca48365095.jpg,107.67772511848342,148.3222748815166,58.23696682464457,68.85308056872037,136.7962085308057,182.74881516587678,1
e02d24bf2105cd6e640935ca48365095.jpg,243.86729857819907,172.28436018957348,56.11374407582937,61.57345971563984,271.92417061611377,203.0710900473934,1
e02d24bf2105cd6e640935ca48365095.jpg,358.52132701421806,163.18483412322274,39.73459715639808,65.51658767772517,378.3886255924171,195.94312796208533,1
e0448063b764867a4c9b1d3919f70e6b.jpg,172.58767772511848,196.8530805687204,171.67772511848338,202.61611374407593,258.42654028436016,298.16113744075835,1
e0448fc90a5e69be5430ecab0e95e9fb.jpg,170.76777251184836,141.95260663507108,227.18483412322274,245.99052132701425,284.3601895734597,264.9478672985782,0
e04b42d9321807e4945b90f287080321.jpg,201.7061611374408,143.16587677725119,165.3080568720378,179.563981042654,284.3601895734597,232.9478672985782,0
e063fb417771f10dbe9d3298a4178756.jpg,282.3886255924171,149.23222748815166,177.44075829383894,228.39810426540285,371.10900473933657,263.4312796208531,0
e063fb417771f10dbe9d3298a4178756.jpg,166.218009478673,170.1611374407583,90.08530805687204,118.29383886255926,211.26066350710903,229.30805687203792,0
e0676d3f6258f7c447fea4033c0f3a6d.jpg,142.25592417061608,120.11374407582942,261.76303317535553,308.4739336492891,273.13744075829385,274.350710900474,0
e0bfa75d6d0b4720b788831f872767a1.jpg,248.72037914691944,156.51184834123225,77.95260663507108,97.36492890995262,287.69668246445497,205.19431279620858,1
e0d6d699d5260984ed7e43159a7e0fde.jpg,286.93838862559244,195.6398104265403,90.69194312796208,94.02843601895734,332.2843601895735,242.65402843601896,0
e0d6d699d5260984ed7e43159a7e0fde.jpg,53.990521327014214,245.38388625592415,83.41232227488152,86.74881516587675,95.69668246445497,288.7582938388625,0
e11c82de937e3752789d9d1142e2b11c.jpg,133.1563981042654,162.88151658767774,205.64928909952607,242.35071090047396,235.98104265402844,284.05687203791473,0
e1256ea0cd91c591e60bfa64d1a9a6c6.jpg,114.04739336492891,117.68720379146922,275.1090047393366,260.2464454976305,251.60189573459724,247.81042654028445,0
e12b33d9da189c60416be18b9f97de54.jpg,195.6398104265403,142.55924170616115,141.95260663507105,177.13744075829382,266.61611374407585,231.12796208530807,0
e12b50e29ea1e4929cde140ec85e68bf.jpg,141.95260663507108,134.67298578199052,222.02843601895742,244.7772511848342,252.96682464454977,257.0616113744076,0
e130975a07eefb93b47a8d8457a19613.jpg,204.739336492891,138.00947867298578,136.4928909952607,167.127962085308,272.98578199052133,221.57345971563979,0
e14617b40579d9ec36c0b8b618d0ad59.jpg,228.09478672985782,215.0521327014218,70.97630331753558,82.19905213270144,263.5829383886256,256.1516587677725,1
e14617b40579d9ec36c0b8b618d0ad59.jpg,275.7156398104266,264.4928909952607,83.41232227488155,79.46919431279616,317.4218009478674,304.2274881516588,1
e16fb6c2a739dd03f9c34c714f3619d0.jpg,109.19431279620855,148.3222748815166,294.52132701421806,336.37914691943126,256.4549763033176,316.5118483412322,0
e17130aee1867c5c4413cc183e0e37c1.jpg,192.00000000000003,110.1042654028436,134.6729857819905,185.02369668246448,259.33649289099526,202.61611374407585,0
e185d81b25576a3c274f2691f286ea75.jpg,147.41232227488155,151.35545023696685,195.03317535545028,237.1943127962085,244.9289099526067,269.9526066350711,0
e18e2c3525d559762dc0e2776f8b171e.jpg,148.62559241706163,84.32227488151659,180.4739336492891,202.00947867298578,238.86255924170618,185.32701421800948,0
e19ff24f7881bd35d0c5665e00b30e58.jpg,172.28436018957348,136.4928909952607,184.11374407582946,225.06161137440765,264.3412322274882,249.0236966824645,0
e1a573ac3f59d1e85f975b5440ec7f22.jpg,199.8862559241706,172.89099526066352,115.26066350710903,129.81990521327012,257.5165876777251,237.8009478672986,1
e1be56889dc6f7b8c6f19e798829c707.jpg,166.82464454976304,118.29383886255926,101.30805687203792,127.09004739336493,217.478672985782,181.8388625592417,1
e1d55781fe87ebf29bef9c837f8f29b1.jpg,202.61611374407585,142.25592417061608,116.7772511848342,154.69194312796208,261.00473933649295,219.60189573459712,1
e2420e96490c3e49b50c2afdfab207ca.jpg,155.60189573459718,147.71563981042655,219.60189573459724,276.3222748815166,265.4028436018958,285.8767772511849,0
e2484e1079f85da21a63c4c526bb17b4.jpg,161.0616113744076,137.40284360189574,258.42654028436016,262.3696682464456,290.2748815165877,268.5876777251185,0
e253ae0792086d3e33be3d47f5213983.jpg,137.70616113744074,174.10426540284362,119.50710900473939,159.5450236966825,197.45971563981044,253.87677725118488,0
e27d37674493cc4e6b57bf4262b5bda3.jpg,224.75829383886258,154.08530805687204,73.40284360189577,84.6255924170616,261.4597156398105,196.39810426540282,1
e27d6ec041715e6dae1a68b58b942f89.jpg,185.02369668246448,91.9052132701422,159.2417061611374,194.12322274881512,264.6445497630332,188.96682464454977,0
e2a3ad328546ded0c2db4705ea8c46a1.jpg,155.90521327014218,136.18957345971566,196.54976303317537,214.74881516587678,254.18009478672985,243.56398104265406,1
e2b004702a4478a816156b62b45f0437.jpg,39.12796208530806,202.61611374407585,92.81516587677723,104.03791469194312,85.53554502369667,254.6350710900474,0
e2b004702a4478a816156b62b45f0437.jpg,225.0616113744076,176.8341232227488,101.00473933649292,126.18009478672988,275.56398104265406,239.9241706161137,1
e2b004702a4478a816156b62b45f0437.jpg,382.1800947867299,202.0094786729858,90.99526066350705,101.9146919431279,427.6777251184834,252.96682464454977,0
e2c67f9b888c643fb57777a819274f7a.jpg,169.55450236966826,111.3175355450237,247.20379146919433,294.21800947867297,293.1563981042654,258.42654028436016,1
e2d2250fe175afbb4ab04ef5b6d3a76e.jpg,116.77725118483411,154.3886255924171,106.46445497630336,158.02843601895734,170.00947867298578,233.40284360189577,0
e2d2250fe175afbb4ab04ef5b6d3a76e.jpg,341.2322274881517,238.7109004739337,94.63507109004746,98.57819905213267,388.5497630331754,288.0,0
e2f88cf4b86f3f1e246f7ee76c468411.jpg,181.99052132701425,177.13744075829385,249.6303317535546,296.34123222748815,306.80568720379154,325.3080568720379,0
e30bd01db0399c268dba1525505e9e8e.jpg,269.34597156398104,164.39810426540285,107.67772511848347,188.0568720379147,323.1848341232228,258.4265402843602,0
e354b3bd6e15289fd890cc5892efe509.jpg,212.32227488151662,120.41706161137442,150.74881516587666,183.2037914691943,287.69668246445497,212.01895734597156,0
e37105c600c6273541b51983da66cc97.jpg,162.57819905213267,151.65876777251185,195.03317535545028,230.52132701421806,260.0947867298578,266.9194312796209,0
e394e491d275ffde5549355a10d12dbb.jpg,166.52132701421803,143.46919431279622,109.80094786729856,127.69668246445497,221.42180094786733,207.3175355450237,0
e39a800fc19d583714bd03f08aae5144.jpg,204.436018957346,72.49289099526067,67.6398104265403,92.51184834123222,238.25592417061614,118.74881516587678,0
e39b9af066b1cdcbbf5d95dc4e28fa46.jpg,176.22748815165878,106.46445497630332,198.06635071090048,245.08056872037918,275.26066350710903,229.0047393364929,0
e39d7addf4c4fa80eb325a88d6a5e9c4.jpg,209.5924170616114,132.8530805687204,143.16587677725119,161.66824644549766,281.175355450237,213.68720379146924,0
e3c0b57e39b9038b5a33a28d7953f24d.jpg,171.3744075829384,130.12322274881518,124.96682464454975,138.3127962085308,233.85781990521326,199.2796208530806,0
e3d7d32628e44ca5f375851edaa936e4.jpg,147.71563981042655,185.63033175355446,41.554502369668256,54.293838862559284,168.49289099526067,212.77725118483409,1
e3dc332e726e60fc7eaa7b6d81e2802a.jpg,227.7914691943128,159.84834123222748,109.49763033175356,127.69668246445502,282.5402843601896,223.696682464455,0
e3fa0321c4d14cffae212ea76642f81c.jpg,224.45497630331758,133.45971563981044,181.99052132701425,203.22274881516586,315.4502369668247,235.07109004739337,0
e3fda93a89a85634fa99b72be8c8ae7c.jpg,110.71090047393366,90.08530805687204,193.81990521327018,221.11848341232232,207.62085308056874,200.64454976303318,0
e41ca395bd693c371a5ad84c5ba839ec.jpg,150.44549763033174,124.66350710900477,172.89099526066352,192.90995260663502,236.8909952606635,221.1184834123223,0
e41f6c5a81155ffb2a91d57c9fa4ca17.jpg,138.61611374407585,159.54502369668248,206.25592417061614,270.8625592417062,241.74407582938392,294.97630331753555,0
e4559dff1184d13aa67c8f406b7c5958.jpg,178.957345971564,202.91943127962085,155.29857819905214,193.21327014218016,256.60663507109007,299.52606635071095,1
e482aef42dcea01f6634885424b64aac.jpg,102.218009478673,0.3033175355450237,404.92890995260666,458.9194312796208,304.6824644549763,229.76303317535545,0
e48b485b7077b64d09d900d4597c0709.jpg,34.578199052132696,207.77251184834125,147.10900473933648,204.13270142180096,108.13270142180093,309.83886255924176,1
e4a23586b73157fc1239e7c6208ae925.jpg,148.0189573459716,125.87677725118485,120.72037914691944,159.54502369668248,208.37914691943132,205.64928909952607,1
e4b291aa1056f1419257d2435263d8a6.jpg,113.13744075829383,172.28436018957348,141.04265402843606,202.6161137440758,183.65876777251185,273.5924170616114,0
e4bfcf32de868b041af7e7ab9e3b291e.jpg,191.39336492891,74.31279620853081,152.26540284360186,182.90047393364932,267.52606635071095,165.76303317535547,0
e4c806d7032fc966777c0ed215ac3c20.jpg,200.7962085308057,178.35071090047398,115.86729857819904,124.66350710900468,258.7298578199052,240.68246445497633,0
e4d5f35bc67ef5e68b04b16ada217315.jpg,148.0189573459716,143.16587677725119,204.43601895734608,303.92417061611377,250.23696682464464,295.12796208530807,1
e4dfe4cfb2b2e74ad554a144b6a25c0b.jpg,201.09952606635073,150.74881516587678,185.02369668246445,217.47867298578203,293.61137440758296,259.4881516587678,0
e50155db06206d634de1d7f978992cf1.jpg,205.042654028436,178.654028436019,117.68720379146924,173.80094786729856,263.88625592417065,265.5545023696683,1
e50d1d245ab951b84859e9c604ce6caa.jpg,130.4265402843602,173.8009478672986,211.41232227488157,283.6018957345972,236.13270142180096,315.6018957345972,0
e51d852d56de0a49dd39f0513e6b36b1.jpg,84.01895734597157,159.84834123222748,188.05687203791473,202.6161137440759,178.04739336492895,261.15639810426546,0
e525c1364b5db45f92da96ce9e0234d2.jpg,108.89099526066352,152.87203791469196,293.3080568720379,341.83886255924165,255.54502369668248,323.79146919431275,0
e53eadfbdf48d1fce15fa349caf7fd1d.jpg,52.170616113744074,172.89099526066352,148.01895734597161,178.654028436019,126.18009478672988,262.218009478673,0
e53eadfbdf48d1fce15fa349caf7fd1d.jpg,263.8862559241706,189.5734597156398,116.7772511848342,165.00473933649292,322.2748815165877,272.0758293838863,0
e547ed242ce197867ef34f1a1c830e68.jpg,168.94786729857822,122.54028436018959,142.86255924170615,185.02369668246448,240.3791469194313,215.05213270142184,0
e568efce536cdaeb983e9c75d874186f.jpg,193.2132701421801,134.3696682464455,116.1706161137441,149.83886255924173,251.29857819905214,209.28909952606637,1
e58d01ea80da2688a3ec92881a19a262.jpg,144.07582938388623,150.14218009478677,170.4644549763034,226.88151658767774,229.30805687203792,263.5829383886256,0
e59fd4a169b520e53d81280836e1286e.jpg,167.4312796208531,173.19431279620858,109.80094786729859,135.2796208530806,222.3317535545024,240.83412322274887,0
e5e2dda7ff020efcd1553217e9e409f1.jpg,154.9952606635071,137.40284360189574,210.80568720379154,274.19905213270147,260.3981042654029,274.5023696682465,1
e5f35fa2116c72794d881c706c35be14.jpg,136.4928909952607,200.1895734597157,32.15165876777249,37.6113744075829,152.56872037914695,218.99526066350714,0
e5f35fa2116c72794d881c706c35be14.jpg,231.12796208530807,203.22274881516591,36.701421800947855,43.07109004739337,249.478672985782,224.75829383886258,0
e5f35fa2116c72794d881c706c35be14.jpg,323.6398104265403,220.51184834123225,33.36492890995254,44.28436018957345,340.3222748815166,242.65402843601896,0
e5f35fa2116c72794d881c706c35be14.jpg,262.3696682464456,253.57345971563984,32.75829383886253,42.76777251184831,278.74881516587686,274.957345971564,0
e5f35fa2116c72794d881c706c35be14.jpg,295.12796208530807,297.25118483412325,31.848341232227483,43.07109004739334,311.0521327014218,318.7867298578199,0
e5f35fa2116c72794d881c706c35be14.jpg,227.48815165876775,286.33175355450237,33.97156398104269,44.28436018957342,244.4739336492891,308.47393364928905,0
e5f35fa2116c72794d881c706c35be14.jpg,183.50710900473942,285.72511848341236,30.028436018957336,43.67772511848341,198.5213270142181,307.56398104265406,0
e5f35fa2116c72794d881c706c35be14.jpg,133.7630331753555,299.0710900473934,30.028436018957308,42.76777251184842,148.77725118483414,320.4549763033176,0
e5f35fa2116c72794d881c706c35be14.jpg,116.17061611374409,242.654028436019,29.42180094786731,39.431279620853076,130.88151658767774,262.36966824644554,0
e6299f932d68b652524cbd4c44155bbe.jpg,211.71563981042652,204.739336492891,177.74407582938386,190.18009478672988,300.58767772511845,299.8293838862559,1
e6701b41cbf59ca1b6ced560e6563b15.jpg,178.35071090047398,105.55450236966827,161.66824644549763,220.8151658767772,259.1848341232228,215.96208530805688,1
e68fab8614314952b43203edcf165432.jpg,182.29383886255928,141.3459715639811,169.55450236966826,212.6255924170615,267.0710900473934,247.65876777251185,0
e6c6caa7908998ca841f50fc5c46127e.jpg,180.17061611374407,46.407582938388636,191.69668246445508,232.34123222748818,276.0189573459716,162.57819905213273,0
e6c76424de20a4567673454749614a97.jpg,117.68720379146922,118.59715639810429,208.07582938388626,309.08056872037923,221.72511848341236,273.1374407582939,0
e6d83e2e4454cbdfe9b42be369557023.jpg,207.46919431279625,185.93364928909958,164.70142180094783,212.32227488151656,289.81990521327015,292.09478672985784,1
e6fa377d3edf1595a7df60b044713e17.jpg,65.81990521327015,191.39336492891,116.1706161137441,140.13270142180096,123.9052132701422,261.4597156398105,0
e6fa377d3edf1595a7df60b044713e17.jpg,336.0758293838863,212.92890995260663,98.88151658767777,107.67772511848344,385.51658767772517,266.76777251184836,0
e6fadbf107e6af5cf8ced20494bc3af5.jpg,173.8009478672986,198.67298578199055,244.77725118483414,260.8530805687203,296.1895734597157,329.0995260663507,1
e6fba9c7179538638fed85a26284c9a5.jpg,191.39336492891,174.40758293838863,151.96208530805683,200.49289099526064,267.3744075829384,274.65402843601896,0
e713ead3b4be9cbb7fbfd9412df882f1.jpg,281.17535545023696,189.2701421800948,119.81042654028425,184.1137440758294,341.0805687203791,281.3270142180095,1
e72af9ddf5fff3048854c7d3d24c010f.jpg,263.2796208530806,147.71563981042655,111.62085308056868,147.10900473933654,319.0900473933649,221.2701421800948,1
e730e9a88a53bc3afb6e1da5731775c6.jpg,144.9857819905213,87.65876777251185,156.5118483412323,181.38388625592415,223.24170616113747,178.35071090047393,0
e73a97c1a8149051c73162fcc4ac1d08.jpg,212.32227488151662,118.29383886255926,81.59241706161137,100.09478672985784,253.1184834123223,168.34123222748818,0
e740b79c0856cf35d4a29ca750d6e73e.jpg,228.39810426540282,93.42180094786731,148.3222748815166,216.26540284360192,302.5592417061611,201.55450236966828,1
e75cecca3fbfe629e34c2feeae4f44de.jpg,27.29857819905213,53.6872037914692,471.96208530805677,403.7156398104266,263.27962085308053,255.5450236966825,1
e76088d28eeaed5c3beaefa9ad4fff2c.jpg,185.63033175355446,128.0,165.91469194312805,231.12796208530807,268.5876777251185,243.56398104265404,0
e772c39e23d03638b937b62b360ef1f6.jpg,143.16587677725119,183.20379146919439,138.91943127962082,193.51658767772503,212.6255924170616,279.9620853080569,1
e7957f4f3a85a042fcf983576bad9bf5.jpg,156.51184834123225,108.58767772511851,225.06161137440753,276.32227488151665,269.042654028436,246.74881516587683,0
e79c272b35af8574e0c2cf4a16ce1434.jpg,136.7962085308057,163.18483412322274,121.93364928909955,156.51184834123222,197.76303317535547,241.44075829383885,1
e7a228d1e27f14e99c8972ed009ddc88.jpg,159.24170616113742,154.6919431279621,188.05687203791473,216.26540284360195,253.27014218009478,262.8246445497631,0
e7d48f6b8595da78a0ea78e562744f36.jpg,169.25118483412322,113.74407582938387,206.86255924170618,272.07582938388634,272.6824644549763,249.78199052132703,0
e80c57dc629c2abf8f077db2239b2cb4.jpg,128.30331753554503,118.9004739336493,166.21800947867303,196.24644549763033,211.41232227488155,217.02369668246445,0
e829b948a1b16040d7eb47c27fc7f54b.jpg,185.93364928909958,104.9478672985782,156.20853080568722,171.0710900473934,264.0379146919432,190.4834123222749,0
e82e5b5afda1ed51ffd9f594a335e4fa.jpg,202.0094786729858,148.62559241706163,114.95734597156402,150.14218009478674,259.48815165876783,223.696682464455,1
e836670edcbfa9dfff98c3bc6ed7e8c9.jpg,177.13744075829385,122.23696682464457,152.26540284360192,192.30331753554503,253.2701421800948,218.3886255924171,1
e845b2de11e4d75b823a9eaa00fedffb.jpg,184.41706161137444,197.1563981042654,153.478672985782,181.3838862559242,261.15639810426546,287.84834123222754,0
e8563c3624518677546fdc0618d1e1df.jpg,226.27488151658767,44.89099526066351,57.93364928909958,77.042654028436,255.24170616113747,83.41232227488152,1
e86611f77cbb91d00ae23e858825cf27.jpg,185.02369668246448,98.88151658767772,161.36492890995268,206.25592417061614,265.7061611374408,202.00947867298578,1
e89b8f0ca6e47bb9e36a3ffa012876db.jpg,34.27488151658768,114.35071090047394,348.81516587677726,281.17535545023696,208.6824644549763,254.93838862559244,0
e8b0b6b02f6b76a37a26aa2aca21972f.jpg,161.36492890995262,176.53080568720384,179.260663507109,205.04265402843595,250.9952606635071,279.0521327014218,0
e8dbffd24b2b4865f0d8919af82d2cbe.jpg,263.2796208530806,145.28909952606637,73.40284360189571,93.42180094786733,299.98104265402844,192.00000000000003,1
e906e8c1f3251c2444f98f5ee72c0492.jpg,77.95260663507109,209.8957345971564,71.5829383886256,88.26540284360189,113.74407582938389,254.02843601895734,1
e906e8c1f3251c2444f98f5ee72c0492.jpg,205.9526066350711,265.40284360189577,74.00947867298578,95.54502369668239,242.957345971564,313.17535545023696,1
e906e8c1f3251c2444f98f5ee72c0492.jpg,257.8199052132701,170.4644549763033,53.68720379146919,69.45971563981044,284.6635071090047,205.19431279620852,1
e906e8c1f3251c2444f98f5ee72c0492.jpg,385.5165876777252,211.1090047393365,72.18957345971558,96.75829383886258,421.611374407583,259.48815165876783,1
e92d81d672059803fbc48e69f2ae6845.jpg,101.0047393364929,162.2748815165877,311.50710900473933,339.71563981042664,256.7582938388626,332.132701421801,0
e92e818b6f3d013f36c8656e5345e328.jpg,181.08056872037915,176.22748815165878,131.6398104265402,144.07582938388626,246.90047393364927,248.26540284360192,1
e960d149fbf7ba058a1f8477561e2dfa.jpg,126.48341232227487,139.52606635071092,168.3412322274882,225.66824644549772,210.65402843601896,252.36018957345976,1
e98135c3976f0a449f68a9e6a95739ec.jpg,77.04265402843602,173.19431279620858,168.34123222748815,192.90995260663504,161.21327014218008,269.6492890995261,1
e98e7582be5ffa6954a9cbbc8dfbdfd1.jpg,209.8957345971564,92.20853080568722,104.64454976303321,124.3601895734597,262.218009478673,154.38862559241707,0
e999fdc7480fc2015d6c4f04342279af.jpg,220.51184834123225,149.23222748815166,146.19905213270144,200.79620853080561,293.61137440758296,249.63033175355446,1
e99aff6aa7ad423e04c8ceb42fc3f73b.jpg,230.21800947867297,186.5402843601896,122.54028436018962,202.61611374407593,291.4881516587678,287.84834123222754,0
e9a87d29fc0dc589bc4153f317928412.jpg,172.28436018957348,165.91469194312796,120.72037914691941,146.50236966824642,232.64454976303318,239.16587677725119,0
e9a9574281045d5d95debc97b516119c.jpg,178.04739336492898,104.9478672985782,221.1184834123222,247.50710900473945,288.60663507109007,228.7014218009479,0
e9c0854f1580f5af538232d0611fb0dd.jpg,154.6919431279621,125.2701421800948,198.6729857819905,213.8388625592417,254.02843601895734,232.18957345971563,1
e9cb849d6509d805ef79b32e9d0e0f41.jpg,172.58767772511848,128.0,183.20379146919444,202.91943127962088,264.1895734597157,229.45971563981044,0
e9d64b6e7e062da39728462f12aecf81.jpg,163.7914691943128,126.48341232227487,129.21327014218008,161.06161137440762,228.39810426540285,207.01421800947867,0
e9f2be8517e6e4f008e6425a6392214b.jpg,150.44549763033174,16.379146919431278,208.37914691943135,240.83412322274887,254.6350710900474,136.7962085308057,0
e9fbe37626789d0c5258d55fed5b19c3.jpg,185.02369668246448,173.19431279620858,150.74881516587678,168.3412322274881,260.3981042654029,257.3649289099526,0
ea17fb7f66c977db93d63db1d4f2580a.jpg,163.18483412322274,141.04265402843603,178.04739336492895,222.33175355450234,252.20853080568722,252.2085308056872,0
ea345b6fa3340e7c05952ef9293c00d2.jpg,204.739336492891,178.0473933649289,111.31753554502367,140.73933649289097,260.3981042654028,248.41706161137438,1
ea56938d00a4fede37edbd7d76d7533c.jpg,92.51184834123224,153.78199052132703,242.95734597156394,260.24644549763036,213.99052132701422,283.9052132701422,1
ea580822aa830f9dfcdbcd49ef40e74e.jpg,183.5071090047394,127.09004739336494,148.62559241706163,193.5165876777251,257.8199052132702,223.84834123222748,0
ea59e0927e3c9901f4489f9e0d6b9fc9.jpg,182.29383886255928,123.14691943127964,42.161137440758296,49.44075829383884,203.37440758293843,147.86729857819907,0
ea59e0927e3c9901f4489f9e0d6b9fc9.jpg,306.35071090047404,122.23696682464457,43.07109004739334,58.540284360189574,327.8862559241707,151.50710900473936,0
ea69c73b79a1218af5ebe46127a65adc.jpg,84.62559241706161,49.74407582938389,303.3175355450237,325.4597156398105,236.28436018957348,212.47393364928914,0
ead93834e1a9ee175920db9ad84fe14c.jpg,118.9004739336493,148.0189573459716,18.502369668246445,27.298578199052145,128.15165876777252,161.66824644549766,0
ead93834e1a9ee175920db9ad84fe14c.jpg,266.61611374407585,211.1090047393365,16.682464454976298,21.83886255924176,274.957345971564,222.0284360189574,0
ead93834e1a9ee175920db9ad84fe14c.jpg,338.8056872037915,243.26066350710903,14.862559241706094,21.53554502369667,346.2369668246445,254.02843601895736,0
eaec57965bcd5a685f820564735adb45.jpg,123.7535545023697,233.85781990521332,240.2274881516588,277.2322274881517,243.8672985781991,372.47393364928917,0
eb1b79d7093ed2686a72f554c1acb14f.jpg,131.33649289099526,109.49763033175356,141.042654028436,161.66824644549763,201.85781990521326,190.33175355450237,0
eb3a56f88f13a21c6e8edb09947ca8d6.jpg,201.4028436018957,152.87203791469196,98.2748815165877,125.27014218009478,250.54028436018956,215.50710900473933,0
eb3fe8fc0d3732c5d6062586dd6a3952.jpg,280.5687203791469,165.91469194312796,68.24644549763048,94.33175355450246,314.69194312796213,213.08056872037918,1
eb484296a95f30c8abfdf5f90bb0f164.jpg,150.44549763033174,68.24644549763033,247.8104265402844,352.15165876777246,274.3507109004739,244.32227488151656,0
eb4dbdba5f2cd8f5e15d22874c78005c.jpg,141.04265402843603,121.02369668246445,232.94786729857813,265.09952606635073,257.5165876777251,253.5734597156398,0
eb85dbc841628637125ac7e4c1ffbd35.jpg,187.7535545023697,128.60663507109007,148.62559241706163,171.98104265402844,262.0663507109005,214.5971563981043,0
eba7be5f5bb02a3b875b9a09e55d2449.jpg,255.39336492891,153.78199052132703,82.19905213270135,102.521327014218,296.49289099526067,205.04265402843603,1
ebbac19cfb4a886b2a907791d13bfc90.jpg,39.12796208530806,158.02843601895736,21.232227488151658,32.75829383886253,49.74407582938389,174.40758293838863,1
ebbac19cfb4a886b2a907791d13bfc90.jpg,146.50236966824644,171.67772511848344,23.05213270142181,34.578199052132675,158.02843601895734,188.96682464454977,1
ebbac19cfb4a886b2a907791d13bfc90.jpg,232.64454976303318,166.52132701421803,15.165876777251242,31.545023696682478,240.2274881516588,182.29383886255926,1
ebbac19cfb4a886b2a907791d13bfc90.jpg,322.1232227488152,149.8388625592417,16.075829383886287,37.00473933649289,330.16113744075835,168.34123222748815,1
ebbac19cfb4a886b2a907791d13bfc90.jpg,439.2037914691944,152.5687203791469,24.26540284360192,43.0710900473934,451.3364928909954,174.1042654028436,1
ebbdb88fe5b40b3ab816a4810d1c3752.jpg,234.16113744075832,84.92890995260666,73.40284360189574,84.01895734597156,270.8625592417062,126.93838862559244,0
ebd5fcce351a1a4851a94d22f7b3cdaf.jpg,231.73459715639808,106.16113744075831,208.6824644549763,264.79620853080576,336.07582938388623,238.55924170616117,0
ebdd68e537d529c41f04dc3d6b99e0f8.jpg,150.14218009478677,122.8436018957346,175.31753554502367,245.08056872037912,237.8009478672986,245.38388625592415,1
ec08da02b260eadedbe0eb5b5a7284af.jpg,268.739336492891,189.2701421800948,161.66824644549774,199.58293838862556,349.5734597156399,289.06161137440756,1
ec0d60bb7a5986bf2c58c974fe6b7bb7.jpg,142.86255924170618,175.3175355450237,61.27014218009478,75.82938388625593,173.49763033175356,213.23222748815166,0
ec0d60bb7a5986bf2c58c974fe6b7bb7.jpg,300.89099526066354,161.0616113744076,70.97630331753561,80.6824644549763,336.3791469194314,201.40284360189574,0
ec20a2b326c24a6a7b24dcc86482b297.jpg,168.64454976303318,124.96682464454977,176.83412322274881,226.88151658767777,257.06161137440756,238.40758293838866,0
ec25749a6564a1bb42400b857cf50cf8.jpg,157.11848341232232,126.48341232227487,194.4265402843602,224.15165876777252,254.33175355450243,238.55924170616112,0
ecbd988fbc7804fc41a2ae45989412ae.jpg,104.03791469194313,77.04265402843602,199.58293838862562,240.53080568720378,203.82938388625593,197.30805687203792,0
ed1868e5712c944fd6f9dba7bd401211.jpg,176.22748815165878,130.4265402843602,160.45497630331752,182.9004739336493,256.45497630331755,221.87677725118482,0
ed26a70bfa83792577fcbea9c94347c8.jpg,157.7251184834123,137.40284360189574,222.33175355450243,281.7819905213271,268.89099526066354,278.29383886255926,0
ed3e11ae134b019e20424f54d3eb044c.jpg,61.270142180094794,117.0805687203792,294.21800947867314,309.38388625592415,208.37914691943138,271.7725118483413,1
ed4a438e120cc43f82242011bd50593b.jpg,252.3601895734597,50.95734597156398,66.42654028436016,86.44549763033176,285.5734597156398,94.18009478672985,1
ed4a438e120cc43f82242011bd50593b.jpg,428.89099526066354,27.29857819905213,46.710900473933634,69.76303317535546,452.24644549763036,62.18009478672986,1
ed4a438e120cc43f82242011bd50593b.jpg,109.49763033175356,38.21800947867299,34.57819905213276,55.810426540284375,126.78672985781994,66.12322274881518,1
ed4a438e120cc43f82242011bd50593b.jpg,41.85781990521328,49.44075829383886,40.341232227488156,50.65402843601898,62.028436018957365,74.76777251184835,1
ed530b8d4eaae4774386f23e64b2a0c7.jpg,77.64928909952606,197.1563981042654,98.88151658767778,116.7772511848342,127.09004739336496,255.5450236966825,1
ed5b73a8602e14b8ee358b09a39bdf5e.jpg,75.22274881516589,166.218009478673,179.563981042654,212.01895734597164,165.0047393364929,272.2274881516588,0
ed70de8bb766d34664309942f164e4c7.jpg,169.85781990521332,76.739336492891,47.92417061611371,51.260663507109,193.81990521327018,102.3696682464455,1
ed70de8bb766d34664309942f164e4c7.jpg,318.1800947867299,55.203791469194314,42.76777251184842,62.4834123222749,339.5639810426541,86.44549763033177,1
ed830f472b0d55bd9b8d9638f9d81752.jpg,172.58767772511848,140.739336492891,165.00473933649286,200.4928909952607,255.0900473933649,240.98578199052133,1
ed8915c8dc0a70281e2c06846f2efe74.jpg,126.48341232227487,120.41706161137442,175.31753554502376,235.9810426540285,214.14218009478674,238.40758293838866,0
ed8c9b1c83e29786169d5b73dc5a4b66.jpg,194.4265402843602,114.65402843601895,150.74881516587678,176.53080568720384,269.8009478672986,202.91943127962088,0
ed9664e2dd0f655a3453c117e4ac3b2b.jpg,228.70142180094788,218.6919431279621,69.76303317535545,88.87203791469196,263.5829383886256,263.12796208530807,1
eda681045ae9cbdd90c51a7e7a473f5d.jpg,198.06635071090045,218.99526066350717,111.62085308056874,160.45497630331755,253.87677725118482,299.2227488151659,0
eda8aa62fb3136b444f381a744482644.jpg,203.82938388625595,88.56872037914692,131.33649289099523,165.30805687203792,269.49763033175356,171.2227488151659,0
edaaa95b5f273a7dada4643b1139186c.jpg,286.93838862559244,203.52606635071092,118.59715639810423,189.57345971563987,346.2369668246446,298.31279620853087,1
edef3053869b91cb4e69a9e02ed78e33.jpg,227.1848341232228,140.436018957346,129.81990521327003,131.33649289099526,292.0947867298578,206.10426540284362,0
edef3053869b91cb4e69a9e02ed78e33.jpg,130.72985781990522,184.1137440758294,88.5687203791469,100.39810426540288,175.01421800947867,234.31279620853084,0
edfa75e67932b90e134d9005dd1c9525.jpg,147.41232227488155,138.31279620853078,213.5355450236966,246.29383886255928,254.18009478672985,261.45971563981044,0
ee1df74251540863698b9233a88325e0.jpg,177.13744075829385,185.32701421800945,133.76303317535547,155.29857819905217,244.0189573459716,262.97630331753555,0
ee29197942215a81755a578be40376d5.jpg,134.06635071090048,13.952606635071096,320.60663507109007,407.65876777251185,294.3696682464455,217.78199052132703,1
ee5c1066c8cbe1503895835e84c33f84.jpg,229.0047393364929,89.478672985782,150.44549763033183,192.30331753554503,304.2274881516588,185.63033175355451,0
ee8b38a1fbaaafe82a3b311fa531ab22.jpg,84.62559241706161,118.9004739336493,157.42180094786727,189.27014218009484,163.33649289099526,213.53554502369673,1
ee95a607ef593eca73354d333806073d.jpg,155.60189573459718,117.08056872037916,131.03317535545023,182.59715639810435,221.1184834123223,208.37914691943132,0
ee971bcf3bdb513ea467871dda14b9df.jpg,176.53080568720384,94.6350710900474,124.05687203791467,144.3791469194313,238.55924170616117,166.82464454976304,0
eef7ad4e548b22d782138a18371c0431.jpg,74.61611374407583,13.345971563981044,326.6729857819905,383.0900473933649,237.9526066350711,204.8909952606635,0
eefd2d3c4dc02eabf2549f2ad4dd2caf.jpg,97.3649289099526,155.90521327014218,276.3222748815166,312.11374407582946,235.5260663507109,311.9620853080569,0
ef11301abecc6c5617a74daf43c2228c.jpg,28.815165876777247,117.38388625592418,189.87677725118485,236.89099526066352,123.75355450236967,235.82938388625593,1
ef1912f9cae6d3784414d54df61757b4.jpg,96.15165876777252,271.1658767772512,27.60189573459718,34.57819905213262,109.9526066350711,288.4549763033175,0
ef1912f9cae6d3784414d54df61757b4.jpg,155.29857819905212,270.5592417061612,20.32227488151662,35.184834123222686,165.45971563981044,288.1516587677725,0
ef1912f9cae6d3784414d54df61757b4.jpg,152.87203791469196,232.94786729857827,20.018957345971558,30.02843601895728,162.88151658767774,247.9620853080569,0
ef1912f9cae6d3784414d54df61757b4.jpg,207.77251184834125,224.45497630331758,20.92890995260663,31.848341232227455,218.23696682464458,240.37914691943132,0
ef1912f9cae6d3784414d54df61757b4.jpg,350.93838862559244,271.77251184834125,22.74881516587675,39.73459715639814,362.3127962085308,291.6398104265403,0
ef1912f9cae6d3784414d54df61757b4.jpg,433.13744075829385,285.1184834123223,21.232227488151636,31.84834123222754,443.75355450236964,301.04265402843606,0
ef1912f9cae6d3784414d54df61757b4.jpg,373.3838862559242,237.19431279620852,21.53554502369667,30.33175355450237,384.1516587677726,252.3601895734597,0
ef305e15fe21c4b7360b312e2dc000c2.jpg,260.5497630331754,189.87677725118485,99.18483412322274,131.3364928909953,310.1421800947868,255.5450236966825,0
ef35f1d32abd6d8b0463c9ca5149d75a.jpg,154.6919431279621,144.07582938388623,72.18957345971566,99.4881516587678,190.78672985781992,193.81990521327015,1
ef468d535b782a859d30c968314960a4.jpg,263.5829383886256,132.2464454976303,111.01421800947872,145.89573459715643,319.090047393365,205.19431279620852,1
ef4e21e1834ee420a7415b9e32977de5.jpg,182.29383886255928,199.2796208530806,114.65402843601888,130.12322274881518,239.62085308056874,264.34123222748815,1
ef66c63e72d6ad422cbd1acd5c05f122.jpg,188.0568720379147,161.97156398104266,64.0,110.10426540284362,220.0568720379147,217.02369668246448,1
ef6af4fcf4d56a8ec779d020ff48b1c2.jpg,256.9099526066351,144.3791469194313,139.22274881516591,246.59715639810432,326.52132701421806,267.67772511848347,1
ef748e32ed368aef7c43e1de3d07b4d0.jpg,178.957345971564,121.3270142180095,182.29383886255926,198.06635071090045,270.1042654028436,220.3601895734597,0
ef8fb69402a3b1a3be78d75065fc8267.jpg,156.81516587677726,133.7630331753555,207.16587677725124,258.7298578199053,260.3981042654029,263.1279620853081,0
ef97576044ca54c60166743c9ff885fe.jpg,222.02843601895736,161.36492890995262,75.52606635071092,99.18483412322277,259.7914691943128,210.957345971564,0
ef9e27ad458fa785d73d76276da28d0f.jpg,0.3033175355450237,115.86729857819904,229.00473933649292,319.696682464455,114.80568720379148,275.7156398104265,0
efa34d2f30a197791f9f497f81cbce64.jpg,141.6492890995261,161.66824644549763,266.61611374407573,282.08530805687207,274.957345971564,302.71090047393363,0
efc69b4f51d0492b87055602612919d0.jpg,110.1042654028436,73.09952606635072,323.33649289099526,362.46445497630333,271.7725118483412,254.33175355450237,0
efdab7d987ef4f688b74de3f40048d1b.jpg,301.4976303317536,214.14218009478677,64.30331753554503,124.0568720379147,333.64928909952613,276.17061611374413,1
efe65b443818c30d8e0ab62f2f25efaa.jpg,112.22748815165879,134.97630331753555,216.87203791469193,253.57345971563979,220.66350710900474,261.7630331753554,0
eff1f080b496147644cc86a46e071a09.jpg,200.4928909952607,148.3222748815166,188.66350710900466,250.8436018957346,294.82464454976304,273.74407582938386,0
f00c05308d34e5b9bef07917d589eefb.jpg,144.3791469194313,112.22748815165879,204.739336492891,240.83412322274887,246.7488151658768,232.64454976303324,0
f010c917376ec85fc517722693b83395.jpg,141.6492890995261,172.58767772511848,171.9810426540284,218.38862559241713,227.6398104265403,281.78199052132703,1
f0172cf760416b0442421e76ae6015e6.jpg,161.36492890995262,80.68246445497631,132.85308056872034,175.92417061611377,227.7914691943128,168.64454976303318,0
f073d4f80ad65a8de0717fd7953c9a6b.jpg,227.1848341232228,181.08056872037915,162.2748815165877,185.32701421800945,308.32227488151665,273.74407582938386,1
f0807ace2f9c925679420b5b5b9774c8.jpg,105.85781990521328,162.57819905213267,50.35071090047394,78.86255924170621,131.03317535545025,202.00947867298578,0
f0807ace2f9c925679420b5b5b9774c8.jpg,350.93838862559244,158.93838862559244,43.0710900473934,74.91943127962088,372.47393364928917,196.39810426540288,0
f085a64e32ff98289f3856538656700a.jpg,172.58767772511848,189.87677725118485,57.93364928909955,98.88151658767774,201.55450236966826,239.3175355450237,1
f085a64e32ff98289f3856538656700a.jpg,408.56872037914695,101.0047393364929,91.60189573459712,132.85308056872037,454.3696682464455,167.4312796208531,1
f085a64e32ff98289f3856538656700a.jpg,278.14218009478674,197.1563981042654,25.478672985781998,33.66824644549763,290.88151658767777,213.99052132701422,1
f085a64e32ff98289f3856538656700a.jpg,67.94312796208531,206.2559241706161,18.80568720379148,23.658767772511908,77.34597156398105,218.08530805687207,1
f08d943b373a5acbb5a93cc8baf3fe47.jpg,94.6350710900474,140.13270142180096,184.41706161137444,210.19905213270147,186.84360189573462,245.2322274881517,1
f0a688bcac792b3385e3194341485982.jpg,192.6066350710901,105.85781990521328,125.27014218009478,145.89573459715643,255.24170616113747,178.80568720379148,0
f0caa8418b13ffeb612ae8c144eaafb6.jpg,156.81516587677726,162.57819905213267,160.45497630331755,229.91469194312805,237.04265402843603,277.5355450236967,1
f0d3e394ab8a270a305fc5859fd22c7c.jpg,303.3175355450237,161.36492890995262,154.9952606635071,201.70616113744072,380.81516587677726,262.21800947867297,0
f0e16cc8b7b2d1d462bfc179de26a987.jpg,182.59715639810432,84.01895734597157,110.10426540284354,136.49289099526067,237.64928909952607,152.26540284360192,0
f0e6df5e97fba871312c7a929b8d6748.jpg,97.97156398104265,193.81990521327012,148.92890995260666,233.25118483412322,172.436018957346,310.4454976303317,0
f0ee0fc562247d3d49a2a3a5f0013fd8.jpg,306.04739336492895,192.30331753554503,101.91469194312793,117.99052132701422,357.0047393364929,251.29857819905214,0
f106058715e8765ccfa8c3b63c42993f.jpg,115.56398104265404,136.18957345971566,235.98104265402847,250.5402843601896,233.55450236966828,261.45971563981044,1
f1076e954817b5923f5b1d2df6c799dd.jpg,277.8388625592417,161.0616113744076,63.09004739336501,82.80568720379148,309.3838862559242,202.46445497630333,0
f10a3047b2f2aaab2ee769e7c9d0ff3b.jpg,154.9952606635071,93.11848341232228,149.8388625592417,176.53080568720378,229.91469194312796,181.38388625592415,1
f111e68b320ff949a575f9522834a430.jpg,69.76303317535546,131.03317535545023,296.34123222748815,255.09004739336496,217.93364928909955,258.57819905213273,1
f112e92b26d251b9af22c352d212d22b.jpg,204.436018957346,73.70616113744077,110.40758293838866,139.22274881516586,259.6398104265403,143.3175355450237,0
f1162cdbc873529f7015fd2f5ec5fcb3.jpg,207.1658767772512,176.22748815165878,98.57819905213265,114.65402843601899,256.45497630331755,233.55450236966828,1
f11912ab64cf7ecf323b9808d3feecd4.jpg,169.85781990521332,90.99526066350712,93.11848341232223,116.47393364928912,216.41706161137444,149.2322274881517,0
f11912ab64cf7ecf323b9808d3feecd4.jpg,230.52132701421803,304.2274881516588,123.75355450236967,119.50710900473928,292.3981042654029,363.98104265402844,0
f11912ab64cf7ecf323b9808d3feecd4.jpg,311.81042654028437,223.8483412322275,112.53080568720378,81.28909952606628,368.07582938388623,264.49289099526067,0
f11912ab64cf7ecf323b9808d3feecd4.jpg,266.0094786729858,113.74407582938387,96.15165876777252,109.4976303317536,314.085308056872,168.49289099526067,0
f11912ab64cf7ecf323b9808d3feecd4.jpg,119.50710900473936,214.44549763033177,118.90047393364927,84.62559241706163,178.957345971564,256.7582938388626,0
f11912ab64cf7ecf323b9808d3feecd4.jpg,110.1042654028436,313.0236966824645,98.88151658767771,104.03791469194317,159.54502369668245,365.0426540284361,0
f1219ae5a1c53a0e1097300ef5bea1aa.jpg,238.7109004739337,169.55450236966826,34.57819905213273,41.25118483412322,256.00000000000006,190.18009478672985,0
f1219ae5a1c53a0e1097300ef5bea1aa.jpg,294.21800947867297,141.04265402843603,32.15165876777263,42.76777251184839,310.29383886255926,162.42654028436021,0
f1219ae5a1c53a0e1097300ef5bea1aa.jpg,234.46445497630333,111.92417061611376,32.45497630331755,39.127962085308056,250.6919431279621,131.48815165876778,0
f1219ae5a1c53a0e1097300ef5bea1aa.jpg,164.09478672985784,158.02843601895736,28.20853080568719,32.45497630331752,178.19905213270144,174.25592417061614,0
f1451fc2c38c5a9b62321019fe5f9320.jpg,204.13270142180096,156.81516587677726,166.8246445497631,227.7914691943128,287.5450236966825,270.71090047393363,1
f14f892f37c26c685049e98c5a7c43aa.jpg,151.65876777251185,84.62559241706161,202.61611374407585,230.521327014218,252.96682464454977,199.8862559241706,0
f1574fc6c67edbd33032273cd958e885.jpg,218.6919431279621,145.28909952606637,148.3222748815165,201.40284360189577,292.8530805687204,245.99052132701425,1
f15fb73532246d069d816da173671ffd.jpg,254.18009478672988,100.39810426540285,146.19905213270144,178.35071090047396,327.2796208530806,189.57345971563984,1
f15fb73532246d069d816da173671ffd.jpg,106.46445497630334,301.4976303317536,46.10426540284364,56.41706161137438,129.51658767772517,329.7061611374408,1
f15fb73532246d069d816da173671ffd.jpg,151.0521327014218,335.1658767772512,56.417061611374436,73.09952606635068,179.26066350710903,371.7156398104265,1
f1767861124371a672fb6e6361dbd6fc.jpg,244.17061611374407,205.9526066350711,117.08056872037918,143.16587677725119,302.71090047393363,277.5355450236967,1
f1767861124371a672fb6e6361dbd6fc.jpg,134.67298578199052,226.57819905213276,108.28436018957348,111.01421800947858,188.81516587677726,282.08530805687207,1
f193226d9253878c2fec377631008a4b.jpg,188.96682464454975,165.3080568720379,111.0142180094787,141.04265402843598,244.4739336492891,235.82938388625587,1
f1a3562d2c5871d1fa89a13e5fad1b7b.jpg,134.3696682464455,104.34123222748815,81.8957345971564,113.13744075829388,175.3175355450237,160.9099526066351,1
f1a3562d2c5871d1fa89a13e5fad1b7b.jpg,297.5545023696683,101.91469194312796,100.70142180094786,117.99052132701422,347.9052132701422,160.90995260663507,1
f1a6aee0e974b7940b8e83185a314452.jpg,50.95734597156398,216.56872037914687,81.28909952606632,95.54502369668253,91.60189573459715,264.34123222748815,1
f1a6aee0e974b7940b8e83185a314452.jpg,174.10426540284362,259.6398104265403,87.05213270142184,106.46445497630333,217.63033175355454,312.872037914692,1
f1a6aee0e974b7940b8e83185a314452.jpg,298.76777251184836,124.36018957345972,69.45971563981044,103.12796208530803,333.4976303317536,175.92417061611374,1
f1a6aee0e974b7940b8e83185a314452.jpg,419.4881516587678,168.94786729857822,91.29857819905214,114.95734597156394,465.13744075829385,226.4265402843602,1
f1af54927e450f57f1f1ab1f9072d7c1.jpg,88.56872037914692,159.24170616113742,135.2796208530806,162.57819905213267,156.20853080568722,240.53080568720375,0
f1ba69b472c54491579412c10b5991e4.jpg,168.3412322274882,173.8009478672986,139.22274881516586,188.96682464454977,237.95260663507113,268.2843601895735,0
f1c654190c8439e00f9fa564eb276c4a.jpg,70.3696682464455,114.65402843601895,177.44075829383894,224.45497630331755,159.09004739336496,226.8815165876777,1
f1c90481753fc8747cf8e0ddce967898.jpg,154.3886255924171,133.45971563981044,212.01895734597167,220.20853080568713,260.39810426540294,243.563981042654,0
f1efa11f1a982aaf6efb7c4cab68d0a5.jpg,175.62085308056874,165.91469194312796,163.18483412322286,203.82938388625595,257.21327014218014,267.8293838862559,0
f1f20d910ec3c1cbfb727f4beaca6846.jpg,167.1279620853081,179.26066350710903,157.72511848341233,177.7440758293838,245.99052132701428,268.1327014218009,0
f1f75d9b096c3ed7f759b9e45b0c2f36.jpg,166.218009478673,168.64454976303318,134.67298578199055,151.96208530805688,233.55450236966828,244.62559241706163,1
f20af62b8b4fb8e882cfc41de15e4940.jpg,242.350710900474,115.26066350710902,191.39336492890985,218.9952606635071,338.04739336492895,224.75829383886258,0
f233f5eb442312a94fd48775eaf0fe15.jpg,102.218009478673,122.23696682464457,286.33175355450237,316.36018957345976,245.38388625592418,280.41706161137444,0
f238aa95406d81c446b3d8f540f9c804.jpg,161.0616113744076,170.4644549763033,64.30331753554503,72.79620853080573,193.2132701421801,206.86255924170615,1
f2444736f09ec0d12858e1f29f6f5555.jpg,156.20853080568722,127.09004739336494,199.88625592417057,223.84834123222748,256.1516587677725,239.01421800947867,0
f24a497b15a120671fb817c4f853426f.jpg,144.07582938388623,145.5924170616114,166.8246445497631,199.58293838862556,227.48815165876778,245.38388625592418,1
f24b130dc5a33e967540d48bbead1290.jpg,197.76303317535545,165.3080568720379,99.79146919431284,112.83412322274884,247.65876777251185,221.7251184834123,1
f24fdc41a87fcbde1d1aa71e23311f0e.jpg,116.47393364928914,95.54502369668249,272.07582938388623,320.60663507109007,252.51184834123225,255.84834123222754,0
f256dd882a450b08823736dfaf0b18ad.jpg,157.42180094786733,235.37440758293843,21.838862559241676,34.27488151658764,168.34123222748815,252.51184834123225,1
f256dd882a450b08823736dfaf0b18ad.jpg,345.17535545023696,236.28436018957348,22.74881516587675,38.21800947867297,356.54976303317534,255.39336492890996,1
f25874134e00036b76cc102c42df1a2d.jpg,146.50236966824644,136.4928909952607,256.30331753554503,323.6398104265402,274.65402843601896,298.3127962085308,0
f2abef222827e4a5f78da9c58fd817bf.jpg,173.8009478672986,190.18009478672988,173.19431279620858,203.82938388625595,260.3981042654029,292.09478672985784,0
f2c12efde796af2ddc9e4147394564d5.jpg,176.8341232227488,168.94786729857822,163.4881516587678,215.96208530805694,258.5781990521327,276.92890995260666,1
f2c47064b2829b34b59bcdf4b1e78c1a.jpg,123.7535545023697,225.97156398104264,214.44549763033177,219.90521327014218,230.97630331753558,335.9241706161137,1
f2cb41a20592638e746c0be3e8db2d95.jpg,123.45023696682465,134.06635071090048,247.5071090047394,273.5924170616114,247.20379146919436,270.8625592417062,1
f2e6b16b41a35503414409fd840e6e28.jpg,176.22748815165878,186.84360189573462,174.40758293838863,195.3364928909953,263.4312796208531,284.5118483412323,0
f30851fe7aed5249ad09d141724a9c36.jpg,303.9241706161137,173.19431279620858,73.40284360189577,87.65876777251185,340.6255924170616,217.0236966824645,1
f31e058a87c41d1257b61e40329c2f3a.jpg,155.90521327014218,209.2890995260664,168.6445497630332,205.04265402843603,240.2274881516588,311.8104265402844,0
f34799cb1cad9e3aa6a755f39dcad87a.jpg,181.38388625592415,77.95260663507109,124.3601895734597,148.3222748815166,243.563981042654,152.1137440758294,0
f34df748f513d5ab21554590de04ffb0.jpg,186.5402843601896,143.77251184834125,131.0331753554502,160.45497630331755,252.05687203791467,224.00000000000003,0
f38ddf1ad3db4293eb3ddb586b668bf0.jpg,337.28909952606637,75.52606635071092,71.58293838862562,80.98578199052133,373.0805687203792,116.01895734597159,1
f38ddf1ad3db4293eb3ddb586b668bf0.jpg,336.0758293838863,312.1137440758294,72.18957345971558,88.56872037914695,372.1706161137441,356.3981042654029,1
f38ddf1ad3db4293eb3ddb586b668bf0.jpg,112.22748815165879,321.8199052132701,67.94312796208528,81.89573459715638,146.19905213270144,362.7677725118483,1
f38ddf1ad3db4293eb3ddb586b668bf0.jpg,115.56398104265404,75.22274881516589,66.72985781990525,79.16587677725121,148.92890995260666,114.80568720379149,1
f3996400c1d3c016601aca6c0303984c.jpg,166.218009478673,141.6492890995261,47.0142180094787,46.104265402843595,189.72511848341236,164.7014218009479,1
f3996400c1d3c016601aca6c0303984c.jpg,346.99526066350717,174.40758293838863,45.194312796208465,57.93364928909952,369.5924170616114,203.37440758293837,1
f3acb90f726e47f5a0a0126454e46ed2.jpg,334.8625592417062,198.3696682464455,58.843601895734594,83.10900473933648,364.2843601895735,239.92417061611377,1
f3bed4ea4a9d313c54f8b7a9ce9a4c16.jpg,174.10426540284362,64.60663507109005,126.18009478672991,176.83412322274881,237.19431279620858,153.02369668246445,0
f3c850c312fd20b625ecf57f1d7816aa.jpg,213.83886255924176,168.03791469194314,128.60663507109007,164.39810426540285,278.1421800947868,250.23696682464458,0
f3d55b73209e30ffbff54590bafbf48b.jpg,160.15165876777252,137.40284360189574,162.2748815165877,198.67298578199055,241.28909952606637,236.73933649289103,1
f405ddf857b6e49ce069206ee6f326d2.jpg,230.52132701421803,114.95734597156401,46.10426540284365,67.33649289099527,253.57345971563984,148.62559241706165,1
f4154531980e799f7aaccc5eaef17f00.jpg,362.1611374407583,111.92417061611376,27.601895734597235,48.530805687203824,375.9620853080569,136.18957345971566,0
f4154531980e799f7aaccc5eaef17f00.jpg,309.3838862559242,155.60189573459718,19.109004739336513,36.094786729857844,318.93838862559244,173.6492890995261,0
f4154531980e799f7aaccc5eaef17f00.jpg,279.3554502369669,179.86729857819907,14.559241706161117,31.848341232227455,286.6350710900474,195.7914691943128,0
f445c6fe725286e86f7493338014a9c0.jpg,169.25118483412322,212.62559241706163,129.81990521327006,161.36492890995254,234.16113744075824,293.3080568720379,1
f44a69815d0b305b833eca5cdb1a2f5f.jpg,239.3175355450237,198.06635071090045,95.24170616113747,123.75355450236964,286.93838862559244,259.94312796208527,0
f45680ac8300d9fd344c005a325f85d6.jpg,180.17061611374407,83.1090047393365,141.95260663507116,174.10426540284362,251.14691943127966,170.1611374407583,0
f4853288cabb26aa55a55bcafb773ad8.jpg,150.14218009478677,166.218009478673,210.50236966824647,249.3270142180095,255.39336492891,290.88151658767777,0
f491a7d50add0ae216c2caf8887894f2.jpg,220.51184834123225,129.81990521327015,101.91469194312796,141.04265402843606,271.4691943127962,200.34123222748818,1
f4964c6e5db928789882b415293eb7f5.jpg,184.1137440758294,115.56398104265404,163.7914691943128,196.8530805687204,266.0094786729858,213.99052132701422,0
f4b150f26e8898e74cf8c4f34d5c8f32.jpg,192.00000000000003,138.00947867298578,121.02369668246448,152.56872037914695,252.51184834123228,214.29383886255926,0
f4c39af7517671845af9d39c27c1233e.jpg,216.26540284360192,188.0568720379147,49.13744075829385,53.99052132701419,240.83412322274884,215.05213270142178,0
f4e8836406740ba926b68d3e3b804bbb.jpg,160.75829383886258,80.98578199052133,156.51184834123222,180.77725118483414,239.0142180094787,171.3744075829384,0
f4f3a307f803abd2acc38419f5311baa.jpg,221.72511848341236,170.1611374407583,86.14218009478674,100.39810426540288,264.79620853080576,220.36018957345973,1
f50476182bdad4bfd6849e81c78b0ffc.jpg,138.91943127962085,144.07582938388623,235.0710900473933,270.5592417061612,256.4549763033175,279.3554502369668,0
f5158ca0a010a32795b461c93da1d55b.jpg,170.4644549763033,121.93364928909952,44.890995260663544,81.59241706161134,192.90995260663507,162.7298578199052,1
f516c0154434395adb57a46dcae1bb03.jpg,161.66824644549763,149.5355450236967,166.8246445497631,184.11374407582943,245.08056872037918,241.5924170616114,0
f5236d0c02f4948458394ab732bdaa76.jpg,191.696682464455,122.54028436018959,131.33649289099517,166.824644549763,257.3649289099526,205.9526066350711,1
f52baeb57c419c729750cc9ca933303d.jpg,192.6066350710901,103.43127962085308,112.83412322274879,142.55924170616117,249.0236966824645,174.71090047393366,0
f5625089228acf6473a2e9ccfcf2c6d7.jpg,136.7962085308057,153.478672985782,205.64928909952613,245.6872037914692,239.62085308056876,276.3222748815166,0
f5669431e923371793f9e3a73c7a9b2d.jpg,197.45971563981044,158.02843601895736,117.68720379146919,143.77251184834128,256.30331753554503,229.914691943128,1
f582be028bb060e7d156d2f08ed38179.jpg,158.0284360189574,146.50236966824644,212.92890995260672,251.45023696682466,264.4928909952607,272.2274881516588,0
f59b2bde95e0693e576ed0c612cbadb9.jpg,173.8009478672986,94.02843601895736,82.50236966824644,93.42180094786724,215.0521327014218,140.73933649289097,1
f5ad946028fbbd7cf7090280dbd4a56e.jpg,146.19905213270144,151.65876777251185,113.74407582938389,143.77251184834125,203.0710900473934,223.54502369668248,0
f5c0927dd0e9d9797b70bd78761ef262.jpg,142.25592417061608,106.16113744075831,250.54028436018956,311.8104265402843,267.52606635071083,262.06635071090045,1
f5cbf4ce2a778bb5b892a7e40255cb2a.jpg,236.58767772511848,165.0047393364929,131.63981042654032,173.8009478672986,302.40758293838866,251.90521327014218,0
f5d453358ea56aedd2caf66efe8e14bc.jpg,212.01895734597161,50.95734597156398,71.58293838862556,84.01895734597157,247.8104265402844,92.96682464454977,0
f5da3eeab412e7e0523ea840461e77ab.jpg,145.28909952606637,162.57819905213267,216.872037914692,261.7630331753555,253.72511848341236,293.4597156398104,1
f5df9d15bc6b116c7f4f00354170421c.jpg,195.33649289099534,93.42180094786731,112.22748815165872,132.54976303317534,251.45023696682472,159.69668246445497,0
f5e61648e936e353236e74382e590823.jpg,32.758293838862556,138.00947867298578,100.39810426540285,124.3601895734597,82.95734597156398,200.18957345971563,1
f5e61648e936e353236e74382e590823.jpg,216.26540284360192,142.86255924170618,103.12796208530813,115.260663507109,267.829383886256,200.49289099526067,1
f5e61648e936e353236e74382e590823.jpg,385.8199052132702,144.3791469194313,86.44549763033166,118.9004739336493,429.042654028436,203.82938388625593,1
f5ec14e423b61091ddc40ec04f5f06ff.jpg,133.1563981042654,146.80568720379148,218.08530805687207,313.3270142180094,242.19905213270144,303.46919431279616,0
f60068d71549c98ba2d47327088cd80e.jpg,181.99052132701425,126.18009478672987,102.52132701421792,141.34597156398104,233.2511848341232,196.85308056872037,1
f62ff11287c2ddaf5eb2dca0832991d6.jpg,147.10900473933648,155.60189573459718,188.05687203791476,231.73459715639808,241.13744075829385,271.4691943127962,0
f632552a6094c95aaab3f5359a6a4e2d.jpg,145.28909952606637,181.99052132701425,141.64928909952607,202.31279620853073,216.1137440758294,283.1469194312796,1
f646360865c3f5ebea7d20c01699595c.jpg,148.62559241706163,133.1563981042654,240.5308056872039,284.8151658767772,268.89099526066354,275.563981042654,0
f64adadb954883b4b6f53034a7f6930f.jpg,277.53554502369667,167.73459715639808,146.80568720379148,192.00000000000006,350.93838862559244,263.7345971563981,1
f64d0d1290b365b6291afd63daac86bf.jpg,181.08056872037915,123.7535545023697,244.77725118483417,284.81516587677726,303.4691943127962,266.16113744075835,0
f65cd81923b592c6ddb35d349da22d0b.jpg,223.24170616113747,186.5402843601896,60.36018957345971,73.0995260663507,253.42180094786733,223.09004739336496,1
f6633c6046d24567201bf759e347cba8.jpg,66.4265402843602,118.9004739336493,218.69194312796208,275.71563981042664,175.77251184834125,256.75829383886264,0
f668616b57ba88752814928ecc0ceeba.jpg,269.6492890995261,151.65876777251185,33.66824644549763,69.1563981042654,286.4834123222749,186.23696682464455,1
f6a8ac1f6e9857c6a71f5ba736cc3b11.jpg,134.06635071090048,170.76777251184836,55.81042654028437,89.47867298578205,161.97156398104266,215.5071090047394,1
f6a8ac1f6e9857c6a71f5ba736cc3b11.jpg,356.70142180094786,175.3175355450237,103.7345971563982,133.1563981042654,408.56872037914695,241.8957345971564,1
f6b12823b418a6cebe87c162d61b0fb0.jpg,252.3601895734597,211.41232227488155,117.08056872037918,132.85308056872032,310.9004739336493,277.8388625592417,1
f6b5626781d7bbd0e9cc3506e1e7ba97.jpg,202.0094786729858,94.93838862559242,130.72985781990522,150.74881516587675,267.37440758293843,170.3127962085308,0
f6cac1f97818be6c01c5860e0d5c2b43.jpg,169.55450236966826,192.6066350710901,155.6018957345972,174.40758293838852,247.35545023696687,279.81042654028437,1
f6d8daf55a9e826c7e24f0ed7d962090.jpg,192.9099526066351,145.8957345971564,125.57345971563973,131.3364928909953,255.69668246445497,211.56398104265406,0
f6f2396f492122923e9cd5e3083e60a0.jpg,172.58767772511848,124.66350710900477,142.25592417061617,173.80094786729856,243.71563981042658,211.56398104265406,0
f6f67ccfb458bec39801eddb40d749cf.jpg,74.91943127962085,190.7867298578199,32.1516587677725,40.03791469194314,90.99526066350711,210.80568720379148,0
f6f67ccfb458bec39801eddb40d749cf.jpg,72.7962085308057,244.17061611374407,28.511848341232223,42.767772511848364,87.05213270142181,265.5545023696683,0
f6f67ccfb458bec39801eddb40d749cf.jpg,161.66824644549763,169.85781990521332,32.15165876777249,39.431279620853076,177.74407582938386,189.57345971563984,0
f6f67ccfb458bec39801eddb40d749cf.jpg,145.5924170616114,215.65876777251182,28.815165876777286,39.734597156398166,160.00000000000006,235.5260663507109,0
f6f67ccfb458bec39801eddb40d749cf.jpg,116.47393364928914,244.77725118483414,25.781990521327003,38.824644549763036,129.36492890995265,264.1895734597157,0
f6f67ccfb458bec39801eddb40d749cf.jpg,253.87677725118485,201.09952606635082,31.84834123222751,39.12796208530804,269.8009478672986,220.66350710900485,0
f6f67ccfb458bec39801eddb40d749cf.jpg,224.1516587677725,250.23696682464455,35.18483412322283,47.0142180094787,241.74407582938392,273.7440758293839,0
f6f67ccfb458bec39801eddb40d749cf.jpg,181.38388625592415,217.17535545023702,30.938388625592466,45.80094786729853,196.85308056872037,240.0758293838863,0
f6f67ccfb458bec39801eddb40d749cf.jpg,300.28436018957353,173.8009478672986,35.18483412322263,44.890995260663516,317.8767772511849,196.24644549763036,0
f6f67ccfb458bec39801eddb40d749cf.jpg,388.54976303317534,180.77725118483414,36.70142180094791,43.374407582938346,406.9004739336493,202.46445497630333,0
f6f67ccfb458bec39801eddb40d749cf.jpg,418.2748815165877,267.8293838862559,30.938388625592495,47.014218009478725,433.744075829384,291.33649289099526,0
f6f67ccfb458bec39801eddb40d749cf.jpg,338.19905213270147,255.09004739336498,34.2748815165877,43.67772511848338,355.3364928909953,276.92890995260666,0
f6f67ccfb458bec39801eddb40d749cf.jpg,279.9620853080569,262.97630331753555,32.15165876777252,43.07109004739334,296.0379146919431,284.5118483412322,0
f702971a45f6968f62b6ad3216fd8bd0.jpg,171.3744075829384,224.1516587677725,50.350710900473956,70.6729857819906,196.5497630331754,259.4881516587678,0
f702971a45f6968f62b6ad3216fd8bd0.jpg,284.20853080568725,215.35545023696685,53.99052132701422,72.4928909952607,311.20379146919436,251.60189573459718,0
f70ea67f32dc16ff731ff0cb57ce9f73.jpg,199.27962085308064,97.97156398104269,122.23696682464453,141.64928909952604,260.39810426540294,168.7962085308057,1
f736b2ceaf2964106908858daab6ae81.jpg,147.10900473933648,67.03317535545024,190.48341232227486,217.78199052132703,242.35071090047393,175.92417061611377,0
f73f163bc8c41ee15aaf382ab5999a5a.jpg,199.2796208530806,193.2132701421801,137.09952606635073,164.39810426540285,267.829383886256,275.41232227488155,1
f745b495ae6c7adfbe3d409e22197ca1.jpg,285.1184834123223,148.92890995260666,100.70142180094791,131.03317535545023,335.4691943127963,214.44549763033177,0
f74d7fcb23697d2ea8d2853caaf9d39c.jpg,152.87203791469196,113.74407582938387,261.7630331753554,258.4265402843602,283.75355450236964,242.957345971564,1
f77ac017e302bccadf38f136fa93de57.jpg,177.13744075829385,145.28909952606637,310.29383886255926,279.9620853080569,332.2843601895735,285.2701421800948,1
f78458e62306e1fd07e67f5965b83c10.jpg,214.7488151658768,131.9431279620853,161.06161137440756,197.45971563981047,295.2796208530806,230.67298578199052,1
f784e47068f520b22e1696d3a1afb742.jpg,193.51658767772514,222.9383886255924,89.17535545023699,161.0616113744076,238.10426540284362,303.4691943127962,1
f79fc65e41d8dfeb21d1ae6e03c914df.jpg,253.87677725118485,195.33649289099534,145.28909952606634,210.8056872037915,326.521327014218,300.7393364928911,1
f7b136134477199be03db3ed7f44fd6c.jpg,215.35545023696685,177.13744075829385,149.23222748815166,206.86255924170615,289.97156398104266,280.56872037914695,1
f7cac986ea99a7befe8076c89374b954.jpg,199.5829383886256,114.04739336492891,147.10900473933654,186.84360189573465,273.13744075829385,207.46919431279622,0
f7d0ce7b88d8c64e446f96806b12faa6.jpg,155.90521327014218,162.57819905213267,205.64928909952616,240.2274881516588,258.72985781990525,282.6919431279621,1
f7d9aaffe4e2545f0b9c219db1cad784.jpg,148.0189573459716,75.5260663507109,254.18009478672988,357.914691943128,275.1090047393365,254.4834123222749,0
f7e755029b384eafd137c4e39fe89a8f.jpg,117.99052132701422,124.66350710900477,235.37440758293837,255.39336492890996,235.6777251184834,252.36018957345976,0
f7fcb3d0fe15b0497967ff4d1da4d9ee.jpg,54.9004739336493,111.62085308056874,397.95260663507105,323.0331753554502,253.87677725118482,273.13744075829385,0
f80bc096db1d3acd11cddc930defa5bf.jpg,125.2701421800948,149.8388625592417,282.69194312796213,324.2464454976303,266.61611374407585,311.9620853080569,0
f80d85c2b78976dc70099d06773cb874.jpg,280.872037914692,127.09004739336494,70.97630331753555,91.60189573459716,316.36018957345976,172.89099526066352,1
f8317275a6e54e9d51343ee2ddd4a779.jpg,246.59715639810432,185.63033175355446,38.52132701421809,53.687203791469244,265.8578199052134,212.47393364928908,1
f835a167a40a360d4cbf78a2ddec9067.jpg,243.56398104265404,113.74407582938387,118.59715639810426,148.32227488151653,302.86255924170615,187.90521327014216,0
f864f61435b4d5d7a5f7ba47a4daca53.jpg,213.2322274881517,123.14691943127964,233.25118483412314,261.45971563981044,329.85781990521326,253.87677725118488,0
f8743bf131ec8734f61e07e4367e40bc.jpg,178.35071090047398,188.96682464454975,162.57819905213262,189.2701421800949,259.6398104265403,283.6018957345972,0
f87614d1d63661e42dc8aed880d330b3.jpg,191.39336492891,187.4502369668246,81.89573459715643,98.88151658767777,232.3412322274882,236.8909952606635,1
f87932c401db975bb95022bd6d834330.jpg,91.60189573459715,147.41232227488155,79.16587677725121,90.38862559241704,131.18483412322274,192.60663507109007,0
f87932c401db975bb95022bd6d834330.jpg,238.7109004739337,231.73459715639808,91.9052132701421,87.05213270142178,284.66350710900474,275.260663507109,0
f88dd215f1ed3a5c67a98f2f35e46da1.jpg,179.86729857819907,66.12322274881518,212.32227488151656,262.97630331753555,286.02843601895734,197.61137440758296,0
f89115f95c22e506d711169fd241bc92.jpg,257.21327014218014,134.67298578199052,196.24644549763036,238.40758293838866,355.3364928909953,253.87677725118485,0
f8921d5fe10af0e14c6214dcdd7530bc.jpg,196.8530805687204,201.4028436018957,135.27962085308062,170.16113744075835,264.4928909952607,286.4834123222749,0
f8c3e9a0e4c72c771c05a1d70fe49b00.jpg,90.69194312796208,177.7440758293839,65.81990521327015,81.8957345971564,123.60189573459715,218.69194312796208,1
f8c3e9a0e4c72c771c05a1d70fe49b00.jpg,328.1895734597157,158.33175355450237,63.39336492890993,87.96208530805691,359.88625592417065,202.3127962085308,1
f8c9f0cb3ff00f3d992128626054e95f.jpg,202.91943127962085,135.5829383886256,107.3744075829384,136.4928909952607,256.60663507109007,203.82938388625593,0
f8ed91bbf0e41537547f39e5da9d3bfa.jpg,168.3412322274882,138.91943127962085,189.27014218009475,258.42654028436004,262.97630331753555,268.1327014218009,1
f8f99a1d43b2b1baefb27cbd25fe11be.jpg,214.4454976303318,155.90521327014218,157.72511848341227,200.79620853080561,293.3080568720379,256.303317535545,0
f927752f12373dbcc08fb5ca59d01533.jpg,181.6872037914692,139.82938388625593,177.44075829383894,208.98578199052133,270.40758293838866,244.3222748815166,0
f92c5dc579fa0249b8f933c423cbcdd9.jpg,121.63033175355451,139.22274881516591,279.3554502369669,279.9620853080569,261.3080568720379,279.20379146919436,1
f936091132f9564ecb57595acfcfc9f6.jpg,235.37440758293843,186.84360189573462,136.79620853080564,195.3364928909953,303.77251184834125,284.5118483412323,0
f93aa702efb6b525e9008c96a6468859.jpg,171.07109004739337,131.9431279620853,118.29383886255923,179.5639810426541,230.21800947867297,221.72511848341236,0
f93ee64272df7725529820b01ffd273b.jpg,209.2890995260664,183.20379146919439,145.28909952606634,196.24644549763033,281.93364928909955,281.32701421800954,1
f9893d06440e10121e17345558b616f1.jpg,117.08056872037916,128.60663507109007,156.20853080568725,175.01421800947867,195.1848341232228,216.1137440758294,0
f98f56e5be40dbfb799a6dcba37b62c5.jpg,218.99526066350717,116.47393364928914,165.00473933649283,196.24644549763022,301.4976303317536,214.59715639810423,1
f99a04e38978c43fd7705ee7adb081d4.jpg,250.23696682464455,128.0,153.17535545023705,222.02843601895728,326.8246445497631,239.01421800947864,0
f9a6eb446274e1f001ad2f2b27e039b7.jpg,100.70142180094787,90.38862559241709,309.9905213270143,321.5165876777251,255.69668246445502,251.14691943127963,1
f9c265418a0a3eea1191fcc13112669b.jpg,220.51184834123225,140.436018957346,147.41232227488146,187.7535545023697,294.21800947867297,234.31279620853084,0
f9d5bbdd9ba8cdf29ba855125ce71f68.jpg,208.68246445497638,151.35545023696685,127.09004739336487,143.77251184834128,272.2274881516588,223.24170616113747,0
fa1f5512ab841cadac3f3573dadebc4a.jpg,367.31753554502365,156.20853080568722,143.7725118483413,206.55924170616115,439.2037914691943,259.4881516587678,0
fa47c2c6decebd1894d1334cb3d1f321.jpg,144.07582938388623,208.3791469194313,57.32701421800948,78.55924170616115,172.73933649289097,247.65876777251185,1
fa47c2c6decebd1894d1334cb3d1f321.jpg,234.16113744075832,217.78199052132703,53.38388625592418,73.09952606635073,260.85308056872043,254.3317535545024,1
fa47c2c6decebd1894d1334cb3d1f321.jpg,353.3649289099527,232.94786729857827,61.57345971563984,75.22274881516586,384.15165876777263,270.5592417061612,1
fa5344ca9e3ec7f8cb0216d2388008dc.jpg,104.9478672985782,141.6492890995261,170.46445497630333,216.56872037914692,190.18009478672985,249.93364928909955,1
fa6a2624ce4e23a448702b231b5905f5.jpg,142.25592417061608,85.83886255924172,237.19431279620864,280.2654028436019,260.85308056872043,225.97156398104266,0
fa74614b212ae1deb1347a261764ad54.jpg,237.8009478672986,130.4265402843602,144.37914691943132,220.8151658767773,309.9905213270142,240.83412322274881,1
fa782a299521a273b029f909e04f0338.jpg,182.29383886255928,176.53080568720384,165.00473933649286,199.88625592417054,264.7962085308057,276.4739336492891,0
fa9a1ab083e78ea4ab4d70b7d8021222.jpg,169.85781990521332,117.38388625592418,154.38862559241704,185.93364928909952,247.05213270142184,210.35071090047393,0
fa9add9c50f09fc448f06397498ff6f0.jpg,148.0189573459716,203.52606635071086,100.39810426540285,139.52606635071098,198.21800947867303,273.28909952606637,1
fab04907026240d487fa674199e7d0c2.jpg,273.2890995260664,178.0473933649289,85.83886255924165,113.44075829383894,316.20853080568725,234.76777251184836,0
fac730175074cfe86f78965d42442ecf.jpg,43.07109004739337,178.0473933649289,232.94786729857825,245.08056872037923,159.5450236966825,300.5876777251185,1
fada37a66e1847dd5dea707d2261d7ad.jpg,168.64454976303318,177.13744075829385,103.12796208530807,150.44549763033177,220.20853080568722,252.36018957345973,0
faf26e1ac8ee13794d8a2d32adc6375b.jpg,201.7061611374408,104.34123222748815,179.86729857819898,232.34123222748826,291.6398104265403,220.51184834123228,0
faf3d3dd1ffb68d12c21817a338fedac.jpg,134.67298578199052,88.87203791469194,243.56398104265412,291.1848341232228,256.4549763033176,234.46445497630333,0
faf7653332d8f1bca4584a6d9e22d225.jpg,229.91469194312802,173.19431279620858,144.98578199052125,173.49763033175356,302.40758293838866,259.9431279620853,1
faf7ed88348205aaa83604501d25ac21.jpg,280.5687203791469,123.7535545023697,141.64928909952613,195.63981042654035,351.39336492890993,221.57345971563987,0
fb04b3ed0c2dddfd8df86a5b590f6b41.jpg,179.26066350710903,172.28436018957348,171.0710900473934,205.042654028436,264.79620853080576,274.8056872037915,0
fb0c87d3f4cbbe9266cd1e571696785d.jpg,226.88151658767774,183.20379146919439,150.14218009478677,156.51184834123225,301.9526066350711,261.4597156398105,1
fb31012d78a72655175e89144b556d2b.jpg,136.4928909952607,140.436018957346,233.85781990521318,297.85781990521326,253.42180094786727,289.3649289099526,0
fb4d57c727cbb6613b930ca15ce23c61.jpg,150.74881516587678,137.40284360189574,202.9194312796208,260.24644549763036,252.2085308056872,267.52606635071095,0
fb570c403e8d472f8dbc7ae9e93e5085.jpg,203.82938388625595,118.59715639810429,167.7345971563981,206.55924170616106,287.696682464455,221.87677725118482,0
fb626c2e9d9cc6e7564226dbc49f571e.jpg,183.20379146919439,181.38388625592415,211.41232227488152,284.8151658767773,288.90995260663516,323.7914691943128,1
fb6d4a3c4dd8d9e9474df29cdd3f631a.jpg,277.8388625592417,42.161137440758296,47.317535545023645,63.393364928909975,301.4976303317535,73.85781990521329,0
fb776b63b2da1743c20e0a61c2880dde.jpg,191.39336492891,94.02843601895736,233.85781990521326,257.21327014218014,308.3222748815166,222.63507109004743,0
fbd04e2747fadb295418748311e78771.jpg,188.96682464454975,104.34123222748815,144.3791469194313,167.127962085308,261.1563981042654,187.90521327014216,0
fc3db2f012938cf06400f785ddf99cfc.jpg,155.29857819905212,192.6066350710901,205.34597156398112,252.0568720379147,257.97156398104266,318.63507109004746,0
fc52049baca463c0a05a8bcdcf6f677d.jpg,247.20379146919439,123.45023696682465,138.0094786729858,187.45023696682466,316.2085308056873,217.17535545023696,0
fc5c89fd1ebd198d93cae4174224e6d0.jpg,144.07582938388623,117.99052132701422,156.51184834123228,196.24644549763042,222.33175355450237,216.11374407582943,0
fc6421bf4d98a2558ccda2af4e583819.jpg,170.1611374407583,133.1563981042654,150.14218009478674,163.48815165876778,245.23222748815166,214.9004739336493,0
fc65ec6619f943309d925b7bed7c1413.jpg,157.11848341232232,147.71563981042655,171.67772511848344,213.2322274881516,242.95734597156405,254.33175355450237,0
fcbeed80be77638503d7544394aae15b.jpg,146.19905213270144,99.18483412322277,217.4786729857819,245.38388625592418,254.93838862559238,221.87677725118488,0
