"image","xmin","ymin","xmax","ymax","label"
"7ffa1883640ee403219db30ac41542d3.jpg",120.92213054906541,38.67913076810748,369.3457943925233,397.557644567757,"No Mask"
"801770244951ebf735d8797a4b2629bf.jpg",177.5451956775701,198.180691442757,338.6417567172897,371.63865362149534,"No Mask"
"80661933c51f9944713944b9eaf85910.jpg",158.803738317757,177.84424284462617,363.36448598130835,392.3738317757009,"No Mask"
"80c68673e6ec125208f7d0d6f2e9ffdc.jpg",163.58878504672896,185.0218129380841,361.7694947429906,377.6199620327103,"No Mask"
"80d8d6415148df55a775de93b9fe715d.jpg",184.3239997079439,171.46418662383175,321.89409316588785,319.8006352219626,"No Mask"
"81058a950796526825ac910ba94ad606.jpg",112.94704658294391,127.99999999999999,396.85981308411215,412.311550817757,"No Mask"
"80ed5628ede8df43e7ad81aa12f7f152.jpg",207.05297167056074,188.21185017523362,376.5233644859813,354.4922240070093,"No Mask"
"810a7ed15aaf5932f1f54c59e098da88.jpg",170.36762558411215,100.08723349883176,365.35827978971963,299.8629526869159,"No Mask"
"810cf76300b85ddd33e56efe4983c57f.jpg",141.25857914719626,176.2492333528037,283.21495327102804,313.8193268107476,"No Mask"
"81968ce6c4c577052038bf6f04d410c7.jpg",158.803738317757,203.3644859813084,266.46728971962614,366.0560747663551,"Mask"
"81bd819398a856e5ce9279f3955452a5.jpg",176.3489339953271,94.10592508761681,327.0779059579439,268.361382885514,"Mask"
"8203ca39e8f0ce3c4e8ee3259bdb9098.jpg",183.52650408878503,172.66044830607476,374.5296071845794,368.4485981308411,"Mask"
"8205a82d641be5afdef8432892d34297.jpg",178.34269129672896,204.16199985397193,321.4953271028037,367.2523364485981,"Mask"
"82199960dc1cb68a4eb07a87678c6fbc.jpg",132.08725175233644,154.7165230724299,343.02803738317755,363.66355140186914,"No Mask"
"82619cbc5fa6ce2c3fee580a6d9b6629.jpg",169.17136390186914,190.6043735397196,335.4517377336448,371.6386536214953,"No Mask"
"82673d5816b7425ee7b2399d9561a3bf.jpg",252.5109155957944,168.27414938668224,399.2523364485981,332.95951372663546,"Mask"
"829405ea62487effdca7118749e4e93d.jpg",192.69783148364485,204.56074766355138,330.6666910046729,360.87229848130835,"No Mask"
"82966230b4a8b13b668872eff7ec9b32.jpg",104.97196261682242,138.36760733060746,397.2585791471962,423.8754015771027,"No Mask"
"82a73df03eb784504e338ed7a2d97fff.jpg",338.6417567172897,186.61682242990653,370.94082213785043,220.11214953271028,"No Mask"
"82c492929b8dc1962a2a5f9fb68ce4e7.jpg",215.82556950934577,141.557644567757,274.0436258761682,208.54829877336448,"Mask"
"82d5b1ed03ecea46472939ffdf4fdb9f.jpg",123.7134199766355,155.91278475467288,342.23054176401865,376.822429906542,"No Mask"
"82fec5b22a88eb59c7d3eda7963c7031.jpg",111.75078490070092,111.25233644859813,400.8473641939252,391.97510221962614,"No Mask"
"831bdbbd94bfd6ee6a6f3b3c3ca47ca6.jpg",138.86605578271028,188.61059798481307,373.73211156542055,436.63551401869154,"Mask"
"831dd8bf4080671ef4c8ec1ed827b343.jpg",268.06231746495325,151.92523364485982,425.968859521028,328.17446699766356,"No Mask"
"8322ced58062143d652847ca5fc751c8.jpg",141.25857914719626,170.66667275116822,354.9906542056075,380.41121495327104,"No Mask"
"83432575bc32ca8e7f342463be580630.jpg",149.63241092289718,78.15576628212617,309.133980724299,277.9314763434579,"Mask"
"834a229934dc481ed8d547017fa20a17.jpg",88.62306512850466,157.1090464369159,395.66355140186914,512,"No Mask"
"83502ee991e584b72c19c4bfb4741e6f.jpg",185.919027453271,151.92523364485982,343.02803738317755,309.8317757009346,"No Mask"
"8377f4f6cf6fec0411a37f4a2c75b296.jpg",211.8380183995327,115.63863536799064,511.99999999999994,512,"No Mask"
"837b93d2e4474888a5ed15f4e6e86312.jpg",49.146429614485974,103.67601854556074,451.88785046728964,508.0124853971962,"No Mask"
"837e31a58e2cf2ed2a4b4b74169be5f0.jpg",226.99065420560746,213.73209331191586,271.2523364485981,260.7850467289719,"Mask"
"837f8ef3cb7c4f22b3262d7da98a9020.jpg",140.46108352803736,140.76013069509344,331.0654205607476,352.0997006425233,"Mask"
"8388ba977e109b916ad4985a326b62e9.jpg",179.14018691588782,164.2866165303738,313.919027453271,317.40811185747657,"Mask"
"83965c99150180651a828586eb990ca3.jpg",152.02493428738316,200.97196261682242,358.18070969626166,414.70407418224295,"No Mask"
"83a20a6679da0100918eb9ebd69e9ffa.jpg",151.2274386682243,137.17134564836448,358.97820531542055,338.5420560747663,"Mask"
"83bed82aab678b7242a8321c92b3a59e.jpg",38.778822283878505,272.74766355140184,67.48910265771028,305.8442610981308,"No Mask"
"83bed82aab678b7242a8321c92b3a59e.jpg",186.71652307242988,217.32087835864485,213.83177570093454,249.22119596962617,"Mask"
"83bed82aab678b7242a8321c92b3a59e.jpg",282.41745765186914,219.31465391355138,304.74766355140184,239.6511025116822,"Mask"
"83bed82aab678b7242a8321c92b3a59e.jpg",354.1931585864486,232.07476635514016,370.1433265186916,247.2274204147196,"No Mask"
"83bed82aab678b7242a8321c92b3a59e.jpg",423.576336156542,236.4610652745327,433.1464661214953,250.01869158878503,"Mask"
"83bed82aab678b7242a8321c92b3a59e.jpg",386.89099007009344,234.06854191004672,398.4548408294392,249.61994377920558,"Mask"
"83cb3b1b45aacd49002453186ca1b98c.jpg",140.46108352803736,151.12773802570092,179.14018691588782,193.39564471378503,"Mask"
"83cb3b1b45aacd49002453186ca1b98c.jpg",282.41745765186914,164.68536433995325,315.9127847546729,204.9595137266355,"Mask"
"83dcadac8797129e4165821d095a4eff.jpg",135.6760367990654,194.59190639602804,374.5296071845794,458.1682242990654,"No Mask"
"83e25313f882f656f2e846d66aeb0c38.jpg",170.7663551401869,173.0591961156542,293.9813084112149,298.2679249415888,"Mask"
"8408a87c634b3dbcde92855d7cf9251c.jpg",148.0373831775701,118.82867260514018,342.6293078271028,326.18070969626166,"No Mask"
"841d494437bac30763f76388b8347f13.jpg",224.99689690420558,155.51401869158877,345.8193268107476,325.78194363317755,"Mask"
"841df75105ffc103460d7f5a30eeb866.jpg",59.11527088200934,70.97819618866822,436.73525116822424,448.9968969042056,"No Mask"
"8422c53a699f4d439ecab83bf1262357.jpg",232.57323306074764,198.180691442757,507.31469042056074,424.2741676401869,"Mask"
"8426a97121a5dc2f37099ffb61403aaa.jpg",148.4361492406542,182.62928957359813,364.1620181074766,441.0218311915887,"No Mask"
"8427c23f487e6a64c7431beee86f84c9.jpg",175.95016793224298,85.33333637558411,335.85046728971963,271.95016793224295,"No Mask"
"8438b1b76d320e8c751afcb7275499c8.jpg",172.36138288551402,124.80998101635512,331.4641866238318,297.07166325934577,"No Mask"
"843b18d1aa353a4fd1fd75d80d73daa2.jpg",105.37072867990653,122.01869158878503,512,423.07790595794387,"No Mask"
"8452e74b661c895a9841f87f7aa5aecd.jpg",112.14953271028037,143.95016793224298,390.0810090537383,451.7881863317757,"No Mask"
"8463a0cb4dba9c4c2f7ef54828767443.jpg",226.5919246495327,70.57943925233644,308.3364485981308,152.32399970794393,"Mask"
"846d8d2cc1c262b99d846961b4312864.jpg",157.20874707943923,144.74766355140187,351.8006352219626,387.58878504672896,"No Mask"
"8474ebedda14ba183edd626e8c7a9c14.jpg",159.60127044392522,218.91588785046727,277.6324109228972,340.13708382009344,"No Mask"
"849893248ef30d913a8552efff6f23c6.jpg",247.3271028037383,139.165121203271,322.29285922897196,216.5233644859813,"Mask"
"849f1591855aeefe4105cee2822ab9dc.jpg",126.50467289719626,183.02803738317755,391.2772707359813,456.5732330607476,"No Mask"
"84cac073c5a0641d15b3055a7b30b12b.jpg",156.80998101635512,187.8130841121495,352.5981308411215,382.80373831775694,"No Mask"
"84cdd421f84bf80e5872f0d2cfccd59f.jpg",168.77259783878503,135.17757009345794,367.3520370911215,368.4485981308411,"Mask"
"84e33ddcbe3f8ba7f5da084d5807803a.jpg",106.56699036214953,114.04362587616822,371.7383177570093,401.14642961448595,"Mask"
"84f5f30e737cad6efde9ef946a41e6ac.jpg",186.71652307242988,119.22742041471962,336.64799941588785,285.9065420560747,"No Mask"
"850929c290dcd13925c92689ec9a33f0.jpg",183.9252336448598,173.85670998831773,311.92523364485976,302.25547605140184,"No Mask"
"851e8c1f3b345d8035ca9da354184107.jpg",207.45173773364485,196.984429760514,312.72276577102804,300.2616822429906,"No Mask"
"851e8c1f3b345d8035ca9da354184107.jpg",334.6542056074766,189.40811185747663,441.1214953271028,292.6853825934579,"No Mask"
"851e8c1f3b345d8035ca9da354184107.jpg",85.43302789135514,209.74456045560746,192.29906542056074,308.63551401869154,"No Mask"
"852907bbeb49ee1a0082ab2c89dddc16.jpg",168.77259783878503,131.58878504672896,337.0467289719626,307.4392523364486,"No Mask"
"852a77ac9f1a96fa95b9053ad2a174a9.jpg",170.7663551401869,148.73521466121494,317.10904643691583,299.4641866238318,"No Mask"
"85403a45ac6ea9ef4f4ce8680372b6a4.jpg",233.76949474299064,178.24299065420558,303.95016793224295,265.5700934579439,"No Mask"
"856b17f85e9dc8553db09183994aa62b.jpg",87.02803738317756,180.23676620911215,173.15887850467288,277.133980724299,"No Mask"
"856b17f85e9dc8553db09183994aa62b.jpg",244.53584988317755,160.69783148364485,344.2242990654205,267.5638872663551,"No Mask"
"85720cc4124e4f0892e9fa8f5d009991.jpg",80.64798116238318,192.19938303154206,256.0997006425234,374.4299065420561,"Mask"
"85720cc4124e4f0892e9fa8f5d009991.jpg",359.37697137850466,159.10280373831773,498.5420560747663,307.83801839953264,"Mask"
"85783a5fe5020f02a9d8063a5559a665.jpg",163.98755110981307,173.0591961156542,351.8006352219626,375.626168224299,"No Mask"
"8587943d7aab7b810dd6f74a73ccfc4f.jpg",155.21495327102804,114.84112149532709,297.5700934579439,272.3489339953271,"No Mask"
"859c8a49d3fcfd1d33198316fe14f012.jpg",122.1183922313084,140.36138288551402,382.1059433411215,383.6012704439252,"No Mask"
"859ce61cb7556087f80ff1243844ae37.jpg",226.99065420560746,192.99689690420558,320.29906542056074,297.86915887850466,"Mask"
"85d137208c01f6ff3c7794fff9087454.jpg",201.86915887850466,153.5202613901869,329.4704293224299,303.85046728971963,"Mask"
"85d137208c01f6ff3c7794fff9087454.jpg",367.7508031542056,139.165121203271,480.5981308411215,263.97510221962614,"Mask"
"85d137208c01f6ff3c7794fff9087454.jpg",27.214953271028037,152.32399970794393,136.8722984813084,274.74145735981307,"Mask"
"8603a45fb99263dc8dffef51a2116f82.jpg",228.58568195093457,158.7040559287383,393.66979410046724,354.0934579439252,"Mask"
"8617248325b0f9f9811892b5b0e24b74.jpg",112.94704658294391,167.8754015771028,362.1682242990654,431.05297167056074,"No Mask"
"863887ce61f34be2d805e8476639aa05.jpg",201.86915887850466,154.7165230724299,268.46108352803736,245.63241092289718,"Mask"
"86661c13e5205e28d77a3d1d79424c8d.jpg",114.94082213785046,168.27414938668224,290.39252336448595,376.822429906542,"Mask"
"8699445d64bda0982b6761e4389c93c5.jpg",232.17446699766353,171.46418662383175,356.98444801401865,307.4392523364486,"Mask"
"86b955e38e79c6b8f058d0c39956066c.jpg",197.88164427570092,165.88162602219626,310.7289719626168,306.6417567172897,"No Mask"
"86d074b4cf90db7c39e2854573d83111.jpg",173.9564106308411,197.78194363317755,299.9626168224299,330.9657564252336,"No Mask"
"86d70afe4af3598c17f0d363cd167e1e.jpg",146.8411214953271,173.45794392523362,309.5327102803738,392.37383177570086,"Mask"
"86e7f4aeb5ba4bfd1066284ac78ad840.jpg",148.4361492406542,152.72274751752335,388.48598130841117,395.9626168224299,"Mask"
"86ef03437494e2bbf9064782470dbb3b.jpg",208.2492333528037,185.0218129380841,344.2242990654205,340.93457943925233,"No Mask"
"87190e0369d1d34f6373d286e42366f7.jpg",61.50779424649532,167.07788770443923,273.6448598130841,365.2585791471962,"No Mask"
"873499522f67433e7f690d22018d1d81.jpg",182.33024240654206,200.97196261682242,321.4953271028037,374.4299065420561,"Mask"
"87406a573c0ee6255188ecf9477e239a.jpg",288.3987660630841,166.28037383177568,416.3987660630841,295.47663551401865,"No Mask"
"8744fd640ee72a0cc0a897edfbd4a588.jpg",210.24299065420558,174.25545779789718,311.1277380257009,287.50156980140184,"Mask"
"8757252fbeedf30f405565463fd78241.jpg",110.1557754088785,183.42680344626166,297.5700934579439,380.0124853971962,"Mask"
"875b827c35c600682bf92d72cb0c1a27.jpg",311.1277380257009,179.04050452686914,399.6511025116822,282.31775700934577,"Mask"
"876e8a7ea2832660132ea5d8401e1387.jpg",261.28351343457945,129.5950277453271,391.6760367990654,291.8878504672897,"No Mask"
"87789d3e665e2003a4407db00c2c65dc.jpg",147.6386536214953,191.00312134929905,373.7321115654205,425.86915887850466,"No Mask"
"87bec40830384b148430b6c096ad4249.jpg",297.96885952102804,187.8130841121495,459.0654205607476,374.03117698598123,"Mask"
"87bec40830384b148430b6c096ad4249.jpg",34.79128942757009,194.1931585864486,136.07476635514018,332.5607476635514,"Mask"
"87bef545c8bcb1238c341f64d1c11567.jpg",102.180691442757,128.3987660630841,456.67289719626166,424.67289719626166,"No Mask"
"87cd68818a205f3a5b5828cb0ac03a87.jpg",93.40811185747663,151.12773802570092,281.61996203271025,356.48598130841117,"Mask"
"87e4ea1acf8ed26c89b4afb5d78f651e.jpg",51.538952978971956,192.19938303154206,205.85670998831773,359.6760367990654,"Mask"
"87e4ea1acf8ed26c89b4afb5d78f651e.jpg",244.13708382009344,183.42680344626166,410.01869158878503,361.66979410046724,"Mask"
"87e9940280582e7b8d326c3990189aa4.jpg",176.3489339953271,214.1308411214953,419.58878504672896,479.70093457943926,"No Mask"
"880c9b9b9148bc535be9bd6f7e849725.jpg",265.66979410046724,216.5233644859813,365.3582797897196,328.9719626168224,"No Mask"
"88222804a8ce4b2ae276fa7c80506108.jpg",196.2866165303738,174.65420560747663,305.14642961448595,311.42680344626166,"No Mask"
"8850300277dd085fbc3317ccd7761d40.jpg",106.16822429906541,250.8162054614486,166.77884053738316,316.61061623831773,"Mask"
"8850300277dd085fbc3317ccd7761d40.jpg",279.2274386682243,183.42680344626166,340.2367844626168,256.39876606308405,"Mask"
"8850300277dd085fbc3317ccd7761d40.jpg",370.14332651869154,226.89097181658877,445.10908294392516,307.4392523364486,"Mask"
"8850300277dd085fbc3317ccd7761d40.jpg",187.11528913551402,289.89409316588785,258.4922240070093,362.8660557827103,"Mask"
"8876d911c259bc1d5b7f3f7b8a638d23.jpg",122.51715829439252,109.25857914719626,412.411214953271,511.6012704439252,"No Mask"
"8880ebc4cff400d7ff6f1ceca083326e.jpg",95.8006352219626,158.7040559287383,215.92523364485982,284.7102803738318,"Mask"
"8880ebc4cff400d7ff6f1ceca083326e.jpg",271.6511025116822,175.8504672897196,381.70717727803736,311.82556950934577,"Mask"
"888d40161aefb24592eb49795319de47.jpg",174.35514018691586,147.93770078855138,349.40811185747657,332.16201810747657,"No Mask"
"888e3014954968c567e32192cfd171a9.jpg",167.97510221962617,125.20872882593457,331.86295268691583,289.89409316588785,"No Mask"
"8893c44efbfdb09b4beb3359ead65e5d.jpg",232.57323306074764,118.03115873247663,330.2679249415888,235.66355140186914,"No Mask"
"88aca705455913808754ec2a9ec77db5.jpg",201.47042932242988,120.02493428738318,322.6915887850467,247.22742041471963,"No Mask"
"88b599cc0e863bdd833fba9638fbeccf.jpg",85.5327102803738,108.66044830607474,330.1682242990654,361.27102803738313,"No Mask"
"88c9c957b4473422a1ea0d033ca4d854.jpg",224.99689690420558,224.89719626168224,362.1682242990654,389.1838127920561,"No Mask"
"88efdd8de01625a0aecf4d7647fff9cd.jpg",154.01869158878503,192.19938303154206,357.78194363317755,403.5389529789719,"No Mask"
"88f0206de7f0e23d5b1e7b7c6ca39a99.jpg",133.6822429906542,189.80685966705607,291.58878504672896,356.48598130841117,"Mask"
"88f0206de7f0e23d5b1e7b7c6ca39a99.jpg",294.380074474299,220.5109155957944,405.233644859813,325.78194363317755,"Mask"
"88f665432609b38346153bb05a5bf797.jpg",151.2274386682243,152.72274751752335,346.2180928738318,370.4423919392523,"No Mask"
"88fa149f2f74ec0b25b6a7e19e39311a.jpg",33.5950277453271,196.18691588785046,109.35826153621494,285.1090464369159,"Mask"
"88fa149f2f74ec0b25b6a7e19e39311a.jpg",228.98444801401868,212.93457943925233,264.0747663551402,248.02493428738316,"Mask"
"88fa149f2f74ec0b25b6a7e19e39311a.jpg",290.79128942757006,143.55140186915887,320.29906542056074,183.42680344626166,"Mask"
"88fdaedb8805773f1f53ea8007e033d7.jpg",118.92835499415887,220.5109155957944,320.6978314836448,424.67289719626166,"Mask"
"890a5361b197b84d3d7902b2fcb9bdae.jpg",138.06856016355138,169.47041106892522,363.36448598130835,425.86915887850466,"No Mask"
"89681b9126b487085d9efa7ff93125ea.jpg",169.96885952102804,146.34269129672896,310.3302424065421,327.7757009345794,"No Mask"
"897ddd66b932f49a0be2359092b01be1.jpg",141.45794392523362,140.36138288551402,303.7508031542056,353.2959623247664,"No Mask"
"898ab70b7699061f45cb4905012fb4ee.jpg",112.94704658294391,142.3551401869159,327.47663551401865,372.8349153037383,"No Mask"
"898f50b6050331df0085cf4d930f1b09.jpg",213.03428008177568,167.47663551401868,396.4610835280373,340.53584988317755,"No Mask"
"89a5ca7e63a93408924a4d563b750470.jpg",130.49222400700933,152.32399970794393,345.0218311915887,366.8536068925233,"No Mask"
"89aedfb192a64b343f94d73b24dd2160.jpg",260.48598130841117,104.87228022780373,393.27102803738313,244.43614924065417,"Mask"
"89bd1cd712a32deebee450f846e9e671.jpg",128.49846670560746,151.92523364485982,179.93771904205605,218.1183922313084,"Mask"
"89c2e7a1a9f78d1e87619d60fb3b1bdb.jpg",185.1214953271028,158.30530811915887,234.1682242990654,217.7196261682243,"No Mask"
"89c2e7a1a9f78d1e87619d60fb3b1bdb.jpg",262.0810090537383,111.65110251168224,317.9065420560747,161.89409316588785,"No Mask"
"89d6f6777547aaf285a0e37acb53f7e8.jpg",104.57321480724298,180.23676620911215,262.8785046728972,331.7632520443925,"No Mask"
"89dbf84341929abd31be30735f17cc09.jpg",134.47977511682242,147.93770078855138,380.90968165887847,416.29906542056074,"No Mask"
"89e5bc19f83383d93a7e0226e32dde6d.jpg",111.35203709112149,175.8504672897196,413.607476635514,448.9968969042055,"No Mask"
"8a26c2fbe0819e8b869c1fadf61fed42.jpg",85.43302789135514,179.04050452686914,360.17446699766356,481.69472838785043,"Mask"
"8a6924b33d42963aa7edd68d8556b1c0.jpg",127.70093457943925,179.8380183995327,395.66355140186914,473.7196261682243,"No Mask"
"8a8dd53444f43e872ab6a3d7b53c6e87.jpg",99.38942026869158,111.65110251168224,451.0903913551402,399.5514018691589,"No Mask"
"8a95edabc0713424432a4c7e90ef7c93.jpg",108.9595137266355,171.46418662383175,291.58878504672896,339.33958820093454,"No Mask"
"8aaace26b5e1190ebc94f52a658e7f0e.jpg",61.10904643691588,115.63863536799064,355.7881863317757,412.31155081775694,"Mask"
"8ab68145a9fb12975c54d52834221804.jpg",161.5950277453271,192.99689690420558,299.5638872663551,322.9906542056075,"Mask"
"8ad9227e6a331cbca45ca0c40e95ec1b.jpg",140.06231746495325,143.95016793224298,319.10280373831773,350.90343896028037,"No Mask"
"8aea46d61271565b5d7581a831c0a199.jpg",242.94082213785046,176.2492333528037,308.73521466121497,249.22119596962614,"Mask"
"8b17d17c7da290ee4456b60d6c493b9d.jpg",177.14642961448598,158.30530811915887,458.26796144859816,478.1059433411215,"Mask"
"8b319ffe2ad07b116336fd1f36e39b8a.jpg",233.76949474299064,86.5295980578271,339.8380183995327,209.34579439252337,"Mask"
"8b54db7552024b7efab4e83b36a59fa8.jpg",132.08725175233644,142.3551401869159,337.0467289719626,338.94082213785043,"No Mask"
"8b5e88a568b25ba3b1259b81b1cf5571.jpg",130.49222400700933,163.09035484813083,362.9657564252336,390.7788405373832,"Mask"
"8b813677d912aed87814b7f889bfbaf0.jpg",183.9252336448598,142.75390625,266.86605578271025,233.6697941004673,"Mask"
"8b9c6a763d3fd5ec2a0ca4a952d6edb9.jpg",183.12773802570092,140.36138288551402,353.7943925233644,361.2710280373832,"Mask"
"8b9caa1b9db422f5f8af54431bbfbb1f.jpg",392.4735324182243,209.74456045560746,491.76328855140184,319.40186915887847,"Mask"
"8b9caa1b9db422f5f8af54431bbfbb1f.jpg",16.04985032126168,283.9127847546729,116.93457943925233,382.803738317757,"Mask"
"8bae80c7bd0ef94086144b0f772a1f35.jpg",251.7134199766355,163.09035484813083,366.15577540887847,303.45173773364485,"Mask"
"8bb7062ef07295eb9a07e299dc4202f6.jpg",143.65110251168224,206.1557754088785,252.9096816588785,332.1620181074766,"Mask"
"8bba2645454476a858a9e96fac389bae.jpg",231.77570093457942,155.91278475467288,282.41745765186914,212.53583162967288,"Mask"
"8bba2645454476a858a9e96fac389bae.jpg",318.70407418224295,198.180691442757,361.7694947429906,254.803738317757,"Mask"
"8bc875880870bd4a39fc0ec4be56faa1.jpg",331.0654205607476,137.17134564836448,411.214953271028,221.30841121495325,"Mask"
"8bd8032c2bf2e3b02d2c47449d03aa67.jpg",241.34579439252335,180.23676620911215,310.330242406542,252.80998101635515,"Mask"
"8bee9ac01a7a8de61268e04f48cb6041.jpg",181.5327102803738,192.99689690420558,345.0218311915887,360.87229848130835,"No Mask"
"8bf4b4e850f644386db3de2303b5aff2.jpg",175.55140186915887,200.57321480724298,365.35827978971963,399.55140186915884,"No Mask"
"8c056ddca3c1b517f0a88e5ba1bd228c.jpg",189.90654205607476,106.86605578271028,312.72276577102804,252.01248539719626,"No Mask"
"8c0985fedf74ca6d0ffae9defa2cf232.jpg",154.41745765186914,139.165121203271,402.0436258761682,411.5140186915887,"No Mask"
"8c0a6b9f8f39ff9368ea3f2332ba4587.jpg",123.3146539135514,169.47041106892522,391.2772707359813,445.40811185747657,"No Mask"
"8c0e80da0998767f5b33ad90d86a8d2b.jpg",152.02493428738316,155.51401869158877,332.2616822429906,355.6884856892523,"No Mask"
"8c0eca9d27c52386fe0db038036497a5.jpg",167.57633615654206,150.33022415303736,459.4642231308411,441.4205607476635,"No Mask"
"8c163ee21b4321e1794c815f0e8f5f77.jpg",175.8504672897196,173.85670998831768,329.8691588785045,331.9626168224299,"No Mask"
"8c35f5123aabbd61a2a0321a32185e31.jpg",116.53583162967288,202.1682242990654,226.5919246495327,315.8130841121495,"No Mask"
"8c35f5123aabbd61a2a0321a32185e31.jpg",291.1900554906542,239.6511025116822,400.4485981308411,342.5296071845794,"No Mask"
"8c38d355d5c565be3d8968cf4d77ee67.jpg",157.20874707943923,198.97820531542055,337.0467289719626,357.2835134345794,"No Mask"
"8c399fe0ff45c7eb3963b59663762edf.jpg",202.66669100467288,160.69783148364485,305.54519567757006,276.7352146612149,"Mask"
"8c39b1208f12f2808167e6dd9894761b.jpg",23.626168224299064,177.44549503504672,69.48287821261681,228.4859813084112,"Mask"
"8c39b1208f12f2808167e6dd9894761b.jpg",158.40500876168224,206.95327102803736,184.32399970794393,232.07476635514016,"Mask"
"8c39b1208f12f2808167e6dd9894761b.jpg",105.37072867990653,178.6417567172897,123.3146539135514,201.76947648948595,"Mask"
"8c39b1208f12f2808167e6dd9894761b.jpg",276.8349153037383,176.64798116238316,297.57009345794387,204.56074766355138,"Mask"
"8c39b1208f12f2808167e6dd9894761b.jpg",368.5482987733645,179.4392523364486,389.6822429906542,204.16199985397196,"Mask"
"8c39b1208f12f2808167e6dd9894761b.jpg",306.34269129672896,171.46418662383175,329.86915887850466,200.57321480724295,"Mask"
"8c39b1208f12f2808167e6dd9894761b.jpg",400.8473641939252,174.65420560747663,422.77884053738313,197.38317757009344,"Mask"
"8c5cd69561589e95c78f4ab1369fe0dc.jpg",116.53583162967288,179.4392523364486,293.98130841121497,387.58878504672896,"Mask"
"8c63ef3320f778aa6bcbe3aafb723129.jpg",154.41745765186914,132.78504672897196,335.85046728971963,324.5856819509346,"No Mask"
"8c7e15eb0ae806b2d9fd0889bb428bf6.jpg",141.25857914719626,126.40499050817756,230.57943925233644,213.7320933119159,"No Mask"
"8c80f0ed23659c8d2f1900af3237bc74.jpg",142.45484082943923,194.59190639602804,338.6417567172897,393.5700934579439,"No Mask"
"8caa880d3d900ed9d89badfd44d80640.jpg",226.99065420560746,146.34269129672896,295.1775700934579,237.25857914719626,"Mask"
"8caa880d3d900ed9d89badfd44d80640.jpg",352.1994012850467,311.02803738317755,405.233644859813,362.06856016355135,"Mask"
"8cdcc64fa3e69edb39d54dba59d9adca.jpg",212.2367844626168,161.0965792932243,324.2866165303738,311.02803738317755,"Mask"
"8ce9d528535b49418adc43f07948b7e7.jpg",170.36762558411215,154.7165230724299,335.05297167056074,341.73211156542055,"No Mask"
"8cf9248c893d4fafd8ad05e1d8f23936.jpg",110.1557754088785,179.4392523364486,351.0031396028037,448.5981308411215,"Mask"
"8d005792c047ed654bbaf18e87318990.jpg",168.77259783878503,183.42680344626166,311.52650408878503,320.1994012850467,"No Mask"
"8d2022eb44a0da5b582a8a1ce48ae281.jpg",244.53584988317755,183.42680344626166,358.18070969626166,299.86295268691583,"No Mask"
"8d47bfaf3d7fb293adb5ad7360d8db03.jpg",151.2274386682243,183.42680344626166,347.0155884929907,391.97510221962614,"No Mask"
"8d58f7c6ca76cf0d4e20c2070fd427d9.jpg",222.6043735397196,139.9626168224299,319.90033586448595,242.04362587616822,"Mask"
"8d6c1318014e595712975b3629e410f1.jpg",164.38631717289718,181.83177570093457,343.02803738317755,355.6884856892523,"Mask"
"8d6e25d1c53884fd4eecdfb564cbd079.jpg",99.38942026869158,237.25857914719626,246.92837324766356,388.7850467289719,"Mask"
"8d7ed568ada35fbbf10c45ec61136724.jpg",156.80998101635512,141.557644567757,345.42056074766356,327.7757009345794,"No Mask"
"8d8aa5e6b684c6a92962ae500879edef.jpg",182.7289719626168,94.90342983352804,330.2679249415888,258.79128942757006,"No Mask"
"8d8c9014b060add13ffa6faf0970156f.jpg",193.89409316588782,229.28349518107476,311.92523364485976,396.361382885514,"Mask"
"8d9599a467bee7360107cdff1f935090.jpg",127.30220502336448,173.45794392523362,395.26482184579436,477.30841121495325,"No Mask"
"8dd411b14978cb4368b861bdc0a3c79c.jpg",140.06231746495325,159.50156980140187,349.80687792056074,401.54519567757006,"No Mask"
"8ddc610a532c563b043827a0e717711c.jpg",241.34579439252335,128.3987660630841,315.5140186915888,200.17446699766356,"Mask"
"8e04691178ed8d8e4e51b2c732c11503.jpg",153.22119596962617,97.29595319801402,306.74145735981307,245.63241092289718,"No Mask"
"8e27e04173135c857dfc02ba3c956262.jpg",140.06231746495325,167.07788770443923,373.7321115654205,414.30530811915884,"No Mask"
"8e39452c72e5cdd769faafd169481325.jpg",165.18381279205607,151.52648583528037,327.8754015771028,348.11214953271025,"Mask"
"8e4a74e33f3ed6d95f4c2c9450c0cab3.jpg",119.72586886682242,171.06542056074764,288.39876606308405,350.5046728971962,"No Mask"
"8e59cc11d090d04c65338a0bab9d3cf7.jpg",128.89719626168224,187.01558849299064,342.23054176401865,400.3489339953271,"No Mask"
"8e6f279d76c58e3529f719427e2c6bc5.jpg",236.56074766355138,211.33956994742988,382.90343896028037,381.2087470794392,"Mask"
"8e90cf49e11164b07d04052964822ca4.jpg",92.21185017523364,120.82242990654204,377.71962616822424,395.165121203271,"No Mask"
"8ea667e11c55a02b41140ed6c4560cd5.jpg",185.919027453271,184.62306512850466,341.0342800817757,333.35827978971963,"Mask"
"8edbb46db220d02ebaf28a42334349b9.jpg",111.35203709112149,156.31153256425233,152.82242990654206,202.1682242990654,"Mask"
"8edbb46db220d02ebaf28a42334349b9.jpg",212.63551401869157,210.54205607476635,265.27102803738313,258.79128942757006,"Mask"
"8edbb46db220d02ebaf28a42334349b9.jpg",298.7663551401869,188.21185017523362,354.19315858644853,235.2648035922897,"Mask"
"8edbb46db220d02ebaf28a42334349b9.jpg",359.37697137850466,147.93770078855138,409.61996203271025,192.59813084112147,"Mask"
"8ee9527bda9017735d6bc9ef0cc6414f.jpg",221.40811185747663,194.99065420560746,315.9127847546729,303.45173773364485,"No Mask"
"8eeb9213c9b9d501e6a393f6b4703f4d.jpg",2.4922240070093458,208.54829877336448,30.803738317757006,243.2398875584112,"Mask"
"8eeb9213c9b9d501e6a393f6b4703f4d.jpg",40.772597838785046,206.1557754088785,73.86915887850466,249.61994377920558,"Mask"
"8eeb9213c9b9d501e6a393f6b4703f4d.jpg",79.05297167056074,201.37072867990653,114.94082213785046,241.6448598130841,"Mask"
"8eeb9213c9b9d501e6a393f6b4703f4d.jpg",122.1183922313084,199.77570093457942,154.01869158878503,244.03738317757006,"Mask"
"8eeb9213c9b9d501e6a393f6b4703f4d.jpg",167.57633615654206,200.97196261682242,204.66044830607476,245.23364485981307,"Mask"
"8eeb9213c9b9d501e6a393f6b4703f4d.jpg",211.8380183995327,193.39564471378503,259.68848568925233,252.01248539719626,"Mask"
"8eeb9213c9b9d501e6a393f6b4703f4d.jpg",272.4485981308411,189.80685966705607,319.50156980140184,246.42990654205607,"Mask"
"8eeb9213c9b9d501e6a393f6b4703f4d.jpg",338.6417567172897,189.00934579439252,388.8847473714953,256.7975321261682,"Mask"
"8eeb9213c9b9d501e6a393f6b4703f4d.jpg",404.4361492406542,188.21185017523362,454.67917640186914,249.61994377920558,"Mask"
"8eeb9213c9b9d501e6a393f6b4703f4d.jpg",466.641793224299,190.6043735397196,510.5046728971962,247.2274204147196,"Mask"
"8f0978ed19548677737f15ba8dabc307.jpg",163.98755110981307,154.7165230724299,354.59192464953264,372.43614924065423,"No Mask"
"8f441e8cfa4959e64ead800a10a44d57.jpg",173.9564106308411,200.17446699766353,335.05297167056074,375.2274386682243,"No Mask"
"8f57b10189da760604227cdb6b8ecda4.jpg",136.4735324182243,143.95016793224298,400.0498685747663,413.10904643691583,"Mask"
"8f6ede34b65d09e1197ae67e5763e994.jpg",93.00934579439252,205.35826153621494,255.70093457943923,381.607476635514,"Mask"
"8f6ede34b65d09e1197ae67e5763e994.jpg",271.6511025116822,181.83177570093457,407.2274386682243,295.0779059579439,"No Mask"
"8f6f28af1d97f1eaaf493129ec8398fe.jpg",89.81932681074765,192.99689690420558,346.2180928738318,483.6884856892523,"Mask"
"8f6fbbe774faaf522a8233e9194ef79d.jpg",158.00624269859813,157.90654205607476,284.01248539719626,302.25547605140184,"No Mask"
"8f8b6bdda2a8988386e878bfb4543602.jpg",217.81932681074764,192.19938303154206,300.361382885514,303.45173773364485,"No Mask"
"8f93a201749086e20226fe863dbbca62.jpg",158.803738317757,157.90654205607476,308.73521466121497,350.90343896028037,"Mask"
"8f9ea6b13be8c3f65a7e029b04591cdd.jpg",264.8722984813084,181.83177570093457,364.9595137266355,306.6417567172897,"Mask"
"8fcf084c87e6b1a73e7253bbfaebbc78.jpg",83.43925233644859,112.44859813084112,408.42370035046724,428.6604483060747,"No Mask"
"8fcf811ea3e9135115e43ee2070980cc.jpg",124.9096816588785,103.2772707359813,252.51091559579436,244.03738317757006,"No Mask"
"8fefd8952c5406016e1389e2d0beb788.jpg",228.18691588785046,163.8878504672897,363.7632520443925,344.9221305490654,"No Mask"
"8ff146f22186f482c30c9cfd4ce8e4c4.jpg",129.29596232476635,173.0591961156542,356.5856819509346,454.1807096962617,"Mask"
"8ff824e94484e54d476833da49b48c63.jpg",35.98755110981308,131.98755110981307,212.2367844626168,363.6635514018691,"Mask"
"8ff824e94484e54d476833da49b48c63.jpg",340.2367844626168,169.86915887850466,507.31469042056074,364.06231746495325,"Mask"
"900ae6b9d79aa0ca11cc41b441eb59ac.jpg",85.83177570093457,79.35202796436916,423.97510221962614,477.30841121495325,"Mask"
"901d4cc53f37d8f67eb02f6dfe73b73a.jpg",158.00624269859813,129.99377555490653,367.7508031542056,380.0124853971962,"No Mask"
"90329991e30d804e2bb18afb7443584f.jpg",201.07166325934577,205.7570093457944,325.88164427570086,340.13708382009344,"No Mask"
"903789ca6779424c98e4e318d66ce713.jpg",263.6760367990654,213.33334550233644,414.0062426985981,370.0436258761682,"Mask"
"907167c657fb7c021d7c4ca9088812bf.jpg",254.10594334112147,141.557644567757,335.85046728971963,240.04985032126166,"Mask"
"90922832c418a5ec156e1abc71db7ccf.jpg",129.69472838785046,216.9221305490654,240.54829877336448,330.9657564252336,"Mask"
"90afdc075f6d80f0f8e0cf58e6160777.jpg",187.11528913551402,213.33334550233644,303.1526723130841,339.7383177570093,"Mask"
"90cb9d2fe2a8afd4b3e07aaa76942acd.jpg",285.607476635514,227.68848568925233,427.16515771028037,388.7850467289719,"Mask"
"90eb53e89cd40da0608f561e60352679.jpg",142.85360689252335,146.34269129672896,385.2959623247663,436.2367844626168,"No Mask"
"90f6c4ac68bd542e8bca291a938c83a9.jpg",74.66667275116822,18.342682169976634,357.78194363317755,439.42680344626166,"No Mask"
"90f73b9c6772c5176071c5a89ea7acb8.jpg",225.79439252336448,177.84424284462617,344.62306512850466,333.35827978971963,"No Mask"
"9127aca89684b2b444155f4ad5174903.jpg",149.63241092289718,196.58568195093457,381.7071772780373,448.9968969042056,"No Mask"
"9150132bc4b625d6f871f1c209cf738d.jpg",170.36762558411215,192.99689690420558,367.7508031542056,441.8193268107476,"Mask"
"91641fc36d6efe9ef28a4086816c651d.jpg",100.58568195093457,149.53271028037383,194.29285922897196,259.19005549065423,"Mask"
"91641fc36d6efe9ef28a4086816c651d.jpg",272.0498685747663,182.62928957359813,386.09345794392516,314.6168224299065,"Mask"
"916ab6cafae8af5f276f2ee306f4b858.jpg",147.2398875584112,156.31153256425233,358.9782053154205,382.803738317757,"Mask"
"917362e4a70d561fd68eedcc92879792.jpg",233.37072867990653,98.89097181658877,359.7757009345794,248.82242990654203,"No Mask"
"918858143aa2e2a4debcde8222b7a4a4.jpg",221.40811185747663,169.86915887850466,291.58878504672896,264.3738317757009,"Mask"
"91907cb616428a05526205061fe29a8f.jpg",212.2367844626168,112.84736419392523,352.19940128504675,258.79128942757006,"No Mask"
"91978ac967650b8de238712972835c29.jpg",205.05921436915887,151.52648583528037,347.0155884929907,306.2429906542056,"No Mask"
"919fc4c2dfd413300c2b50ff0c7e22a7.jpg",187.11528913551402,105.66979410046729,349.4081118574766,283.115289135514,"No Mask"
"91c764932e7dc519bc55cd2322dd4c70.jpg",40.37383177570093,188.61059798481307,118.52960718457942,276.3364485981308,"Mask"
"91c764932e7dc519bc55cd2322dd4c70.jpg",238.95327102803736,172.66044830607476,315.5140186915888,273.54519567757006,"Mask"
"91c764932e7dc519bc55cd2322dd4c70.jpg",341.03428008177565,149.1339624707944,421.183812792056,229.68224299065417,"Mask"
"91c97066f667c51130d0505cc4ba8549.jpg",175.1526723130841,153.91900919976635,336.2492333528037,349.70717727803736,"Mask"
"91d2f4d428f72b8c756275438704d1f6.jpg",190.70407418224298,171.8629344334112,309.133980724299,301.85670998831773,"No Mask"
"91d79f2b776e2b892d2a06700789180c.jpg",181.13398072429905,145.5451774240654,341.43304614485976,299.86295268691583,"Mask"
"91de5096298cbfc2812a25ad2fe57454.jpg",73.47041106892523,10.766355140186915,377.3208966121495,481.2959623247663,"No Mask"
"91e3817d7cbf256813d86107a0ad5354.jpg",115.3395699474299,145.94392523364485,360.9719626168224,465.7445604556074,"Mask"
"9242ebbd0c66e868069b029f1125df55.jpg",200.2741676401869,215.72586886682242,349.40811185747657,374.0311769859813,"Mask"
"925571193676df91056e496835ee1c1c.jpg",121.7196261682243,177.84424284462617,303.95016793224295,389.98130841121497,"No Mask"
"92b66dd430dbf24fc80914ca58fe65d5.jpg",151.62616822429905,133.18381279205607,188.71028037383175,172.66044830607476,"Mask"
"92b66dd430dbf24fc80914ca58fe65d5.jpg",31.60125219042056,171.8629344334112,70.2803738317757,214.1308411214953,"Mask"
"92b66dd430dbf24fc80914ca58fe65d5.jpg",217.42056074766353,188.21185017523362,264.8722984813084,238.85358863901865,"Mask"
"92b66dd430dbf24fc80914ca58fe65d5.jpg",374.5296071845794,216.9221305490654,415.99999999999994,261.5825788551402,"Mask"
"92b66dd430dbf24fc80914ca58fe65d5.jpg",145.6448598130841,265.96885952102804,190.70407418224298,324.9844480140187,"Mask"
"92fe7f275b6622b91b3957c8f7b3fdc4.jpg",259.68848568925233,178.6417567172897,394.0685601635514,340.53584988317755,"Mask"
"9302e722674045d3b83b1575065b3a35.jpg",190.30530811915887,121.22119596962617,314.31775700934577,269.1588785046729,"No Mask"
"930f8774e85796d92ee162671d127fc5.jpg",224.99689690420558,59.01557936623831,308.7352146612149,171.06542056074767,"No Mask"
"9316490b1de09682417771028dd40824.jpg",214.6293078271028,154.31775700934577,290.39252336448595,221.70717727803736,"Mask"
"9331a0df477c5a7d149eeb2deaa71207.jpg",215.42680344626166,105.66979410046729,347.0155884929906,274.34269129672896,"No Mask"
"9371f2337f37f6b22729be3f498b7568.jpg",144.4485981308411,149.1339624707944,384.8971962616822,448.5981308411215,"No Mask"
"938d3fbbb7b5fdf7f971de8fedb7f329.jpg",193.89409316588782,160.29906542056074,419.987551109813,429.05921436915884,"No Mask"
"93af129a677b954d03a2fb1cca7d63fe.jpg",173.9564106308411,86.92835499415887,205.85670998831773,133.5825606016355,"Mask"
"93af129a677b954d03a2fb1cca7d63fe.jpg",275.6386536214953,51.04050452686916,313.5202613901869,97.6947101343458,"Mask"
"93b71735d274a9a74af1ce1eb19278de.jpg",206.65420560747663,139.9626168224299,355.38942026869154,320.19940128504675,"No Mask"
"93cbe2672ffed5073eb81b85a5934953.jpg",220.21185017523362,180.23676620911215,303.55140186915884,278.330242406542,"No Mask"
"93e4d41cb450b4b08e16cb0fb2636047.jpg",178.74145735981307,134.38007447429905,324.6853825934579,298.2679249415887,"No Mask"
"93f8123c3e16785002e2254f1954e70d.jpg",102.97820531542055,189.40811185747663,278.0311769859813,395.16512120327104,"Mask"
"93fd9ae398ffcb46aae8ae3e84a0f5ef.jpg",132.4859813084112,148.73521466121494,336.2492333528037,385.99379380841117,"No Mask"
"941a0e69aaa6e3d212b27043af202406.jpg",99.78816807827103,139.165121203271,150.0311769859813,195.38942026869157,"Mask"
"941a0e69aaa6e3d212b27043af202406.jpg",378.5171582943925,135.97508396612147,420.3863171728972,189.40811185747663,"Mask"
"942036b9fe13ce1ebf181ea200843bde.jpg",288.7975321261682,176.2492333528037,369.3457943925234,245.23364485981307,"Mask"
"942ae83dcf0cd5d41504c0ea6f2d8ebd.jpg",215.82556950934577,158.30530811915887,319.10280373831773,291.8878504672897,"No Mask"
"9434a04219854c6982f5a215aa7b0272.jpg",248.5233644859813,198.180691442757,409.61996203271025,392.37383177570086,"Mask"
"944e2372c80f9bf201ac20d44dd59296.jpg",170.7663551401869,105.27102803738318,393.66979410046724,346.5171582943925,"No Mask"
"9457f26b44e5d40e77d1dc932b3fc4c9.jpg",150.42990654205607,159.50156980140187,354.1931585864486,394.36762558411215,"No Mask"
"945cffc12dea9bb9b5642f31a5d0d7ac.jpg",179.53895297897196,96.89719626168224,364.1620181074766,316.61061623831773,"Mask"
"946b5ce10fe9d84b0eb7dcf398a3eaf4.jpg",228.18691588785046,200.17446699766353,275.63865362149534,254.4050087616822,"Mask"
"946b5ce10fe9d84b0eb7dcf398a3eaf4.jpg",69.0841121495327,143.15265405957942,111.75078490070092,192.99689690420558,"No Mask"
"946b5ce10fe9d84b0eb7dcf398a3eaf4.jpg",352.5981308411215,153.5202613901869,411.61371933411215,222.90343896028037,"Mask"
"9472015fa29db5efbc353dd658f6c22f.jpg",216.62306512850466,151.52648583528037,308.73521466121497,252.411214953271,"Mask"
"9472015fa29db5efbc353dd658f6c22f.jpg",447.50160630841117,139.165121203271,488.1745035046728,208.54829877336448,"Mask"
"947c69b7f04eee4615d6cedf559d3523.jpg",161.9937938084112,90.11838310455607,333.05921436915884,293.0841121495327,"Mask"
"948ba767c738233fc6e95732f625241f.jpg",199.8754015771028,136.77259783878503,354.1931585864486,297.86915887850466,"No Mask"
"948f0f9035d9c32491ea5857b583a9a4.jpg",149.63241092289718,160.29906542056074,360.17446699766356,382.803738317757,"No Mask"
"948f380a57b4084e2703e732636f6dc4.jpg",160.3987660630841,197.38317757009344,327.8754015771028,393.5700934579439,"Mask"
"9490120a7365740f2c5a54c5cf8312f8.jpg",89.02181293808411,7.576327029789719,469.03431658878503,445.40811185747657,"Mask"
"949de44f425f7cc48a77ee6e9ff57792.jpg",146.04362587616822,163.48910265771028,375.7258688668224,424.2741676401869,"No Mask"
"94a17b24ad682e278b102bdf687c3b52.jpg",183.12773802570092,140.76013069509344,352.1994012850467,319.40186915887847,"No Mask"
"94a19630787cc2e215a0cd8ceee92bff.jpg",113.34579439252336,120.02493428738318,176.74766355140184,200.57321480724298,"Mask"
"94a64468d8e19e17756aab4622d6865a.jpg",202.26792494158877,190.2056074766355,357.38317757009344,379.61371933411215,"Mask"
"94ae48a11681396640c68ebb521a0025.jpg",183.12773802570092,170.66667275116822,370.94082213785043,364.85981308411215,"No Mask"
"94be99c72e44f3c222baf16c83d418fe.jpg",148.8349153037383,179.04050452686914,360.9719626168224,409.12149532710276,"Mask"
"950047f61a476190b45805a63ed5e543.jpg",243.33958820093457,194.1931585864486,358.57943925233644,322.5919246495327,"No Mask"
"9518e6e6941c82847ad13df9d85b0c7b.jpg",138.46728971962617,173.85670998831773,265.2710280373832,359.27727073598123,"No Mask"
"95318d401318e247488894359d83b9cb.jpg",107.76325204439252,143.55140186915887,392.0747663551402,495.25233644859804,"No Mask"
"9534c7d6fc2e1bdd188d6c7c5328146c.jpg",161.9937938084112,141.15887850467288,329.4704293224299,320.5981308411215,"No Mask"
"95434816a16f51e9915f8c5a18785f7e.jpg",201.07166325934577,220.11214953271028,340.63551401869154,408.722765771028,"No Mask"
"954874fadd543d07a41eb96499c37026.jpg",132.08725175233644,162.29284097546727,309.9314763434579,361.66979410046724,"Mask"
"955f0f8f189cda0244844cbc03c439f2.jpg",176.74766355140184,152.72274751752335,301.1588785046729,301.85670998831773,"No Mask"
"956027b156adf12293a19f718c201bc4.jpg",100.18691588785046,92.90966340537382,181.5327102803738,191.80063522196258,"Mask"
"9582681eaec53f8716f3187898b0bfbd.jpg",208.2492333528037,210.1433082651869,337.4454950350467,354.89099007009344,"Mask"
"9592234dc8c49fe662eaf8a52c14b691.jpg",202.66669100467288,229.68224299065417,306.34269129672896,350.1059433411215,"No Mask"
"9593e9a818b5f066c6186031e5768054.jpg",164.38631717289718,142.75390625,340.63551401869154,341.33334550233644,"Mask"
"959a60bbded558d37427e6eb08449e10.jpg",174.35514018691586,104.4735324182243,347.0155884929906,314.6168224299065,"Mask"
"95ba9c407db14dc0018a51900f4d4fa5.jpg",93.80685966705607,168.67289719626166,173.15887850467288,244.43614924065417,"Mask"
"95ba9c407db14dc0018a51900f4d4fa5.jpg",335.05297167056074,179.04050452686914,437.133980724299,294.2803738317757,"Mask"
"95cdc7abf439ecba139753c9e1355493.jpg",203.46418662383175,149.53271028037383,356.58568195093454,338.5420560747664,"No Mask"
"95e56681974a017783162d67926c620e.jpg",240.9470648364486,197.78194363317755,283.21495327102804,247.2274204147196,"Mask"
"95e56681974a017783162d67926c620e.jpg",345.4205607476635,175.45171948014018,369.7445604556074,213.33334550233644,"Mask"
"95e56681974a017783162d67926c620e.jpg",282.01869158878503,135.57633615654206,314.7165230724299,172.26168224299064,"No Mask"
"95e56681974a017783162d67926c620e.jpg",213.4330461448598,129.99377555490653,246.52960718457942,169.86915887850466,"Mask"
"95e56681974a017783162d67926c620e.jpg",93.00934579439252,210.54205607476635,136.07476635514018,256.7975321261682,"Mask"
"95e56681974a017783162d67926c620e.jpg",141.25857914719626,218.1183922313084,175.55140186915887,261.1838127920561,"No Mask"
"9601dbaa535c717358043de5ec646552.jpg",194.29285922897193,153.5202613901869,362.9657564252336,326.9782053154205,"Mask"
"9601fdb73ed5e910344769253bc6ae80.jpg",133.28351343457942,157.1090464369159,311.12773802570086,370.0436258761682,"No Mask"
"9602c7461b22c5c4f004c24c6674d77a.jpg",300.85981308411215,172.66044830607476,385.2959623247664,264.3738317757009,"No Mask"
"9639b3169b643a87952e4dfe3e24085a.jpg",121.32089661214953,143.15265405957942,391.2772707359813,462.5545414719626,"No Mask"
"969f67361406d0db2cda90964c85d051.jpg",223.8006352219626,172.66044830607476,286.4050087616822,239.2523364485981,"Mask"
"96a0eb7ace743d971840c6f06d0685c8.jpg",87.42680344626167,139.165121203271,341.43304614485976,466.54205607476626,"Mask"
"96a0eb7ace743d971840c6f06d0685c8.jpg",411.214953271028,29.10903731016355,485.3831775700934,121.22119596962617,"Mask"
"96a0eb7ace743d971840c6f06d0685c8.jpg",414.803738317757,162.29284097546727,485.38317757009344,254.803738317757,"Mask"
"96a0eb7ace743d971840c6f06d0685c8.jpg",409.22119596962614,293.8816442757009,482.59192464953264,380.8099810163551,"Mask"
"96a0eb7ace743d971840c6f06d0685c8.jpg",410.41745765186914,417.4953271028037,484.5857184579439,511.20250438084105,"Mask"
"96a50e5c8faa8bde82d38664fd17b70e.jpg",187.11528913551402,184.22429906542055,331.4641866238318,342.13084112149534,"No Mask"
"96aa279fa5f6341f1ce763edc0f3337b.jpg",130.49222400700933,167.8754015771028,318.30530811915884,394.36762558411215,"Mask"
"96b6039bf3887e7932da6846b23b60bb.jpg",133.6822429906542,140.36138288551402,352.5981308411215,370.8411214953271,"No Mask"
"96bf103cd4e5ac386df8df0dcf7175b9.jpg",83.04050452686916,219.31465391355138,303.95016793224295,446.60437353971963,"No Mask"
"96d5ab504ea822a26011df0e22cad1ab.jpg",181.5327102803738,158.30530811915887,312.722765771028,292.6853825934579,"Mask"
"97016761a104a2cd5799fd603bb5f3bd.jpg",164.38631717289718,202.5669903621495,343.02803738317755,393.968859521028,"No Mask"
"971a19a88c90510d6d77f513ecfc9070.jpg",189.10904643691586,218.1183922313084,305.54519567757006,361.66979410046724,"No Mask"
"9729ba2989e6f76ccf2e425e271155b1.jpg",217.02183119158877,178.24299065420558,371.33958820093454,373.6324109228972,"Mask"
"9735dadbc1ef66084577ea4f20ca364d.jpg",258.4922240070093,156.31153256425233,335.85046728971963,260.3863171728972,"Mask"
"9741ff6facb5ed994a63a71712d70002.jpg",174.75390625,182.62928957359813,265.2710280373832,287.50156980140184,"Mask"
"97435ea08c23b09063da7330c89db6b9.jpg",255.70093457943923,187.01558849299064,372.53584988317755,310.6293078271028,"Mask"
"974481e6c481c8b926c9e51c48c5371e.jpg",159.60127044392522,109.25857914719626,361.7694947429906,338.94082213785043,"No Mask"
"9745c81605ef364c438d757d08d38f32.jpg",169.96885952102804,90.91588785046729,350.60437353971963,371.63865362149534,"No Mask"
"977683a060bb06d22703a9cb2cd88962.jpg",98.59190639602804,90.51714004088784,406.0311769859813,404.3364485981308,"No Mask"
"977bf0dedbd47e6d454e666f796b077c.jpg",170.7663551401869,180.63551401869157,338.5420560747663,317.80687792056074,"Mask"
"9789cb1af0a936b4586f59b0a52c09bf.jpg",271.2523364485981,172.66044830607476,350.6043735397196,262.380074474299,"Mask"
"979402f53488c51d38dcf33c92db8a52.jpg",156.01248539719626,145.5451774240654,355.38942026869154,383.60127044392516,"Mask"
"97945ce0b9ecb55f9b1d8deb8184ecb5.jpg",149.23364485981307,176.2492333528037,364.5607476635514,425.86915887850466,"No Mask"
"979a1827afb7da4838d59028f27f117d.jpg",195.09035484813083,128.3987660630841,312.72276577102804,266.36762558411215,"Mask"
"97bd0d19e514f5c9c50bdefd34818425.jpg",78.2554577978972,203.76325204439252,210.24299065420558,349.70717727803736,"Mask"
"97bd0d19e514f5c9c50bdefd34818425.jpg",318.30530811915884,194.59190639602804,452.28665303738313,336.5482987733645,"Mask"
"98018ae736d8fe431fb2bcf44342c73e.jpg",111.75078490070092,102.8785046728972,363.36448598130835,391.576336156542,"Mask"
"9802c16021db84399400c282076b16d2.jpg",169.57009345794393,147.53895297897196,340.63551401869154,328.97196261682245,"No Mask"
"9807a2d1c48e0d6ae68e66951e1d6611.jpg",252.11214953271025,187.01558849299064,388.08725175233644,325.78194363317755,"No Mask"
"9822558311414b6f7f86db323c8a157d.jpg",233.76949474299064,145.14642961448598,316.311550817757,236.06231746495325,"Mask"
"983537364d318ba41f54a482c4cbe862.jpg",160.79753212616822,143.95016793224298,327.8754015771028,316.61061623831773,"No Mask"
"983e77d267669ff0830268f7a508f9b8.jpg",185.5202613901869,168.27414938668224,369.7445604556075,379.214953271028,"Mask"
"988497c668984f540d986c4435914ad0.jpg",100.58568195093457,145.14642961448598,216.22429906542055,316.61061623831773,"Mask"
"9890b977a48f4261f49a8c4f128669ef.jpg",199.47663551401868,210.94082213785046,332.2616822429907,346.1183922313084,"No Mask"
"9891fa37af87934f8ec7ddaa71c8d4fd.jpg",119.72586886682242,127.60125219042055,322.69158878504675,345.3208966121495,"No Mask"
"98a10fbb1eaeae3dabca09f7196469f4.jpg",125.70717727803738,158.30530811915887,414.803738317757,426.2679249415887,"No Mask"
"98a78177d731948cc3b04a054e16f7a3.jpg",137.27102803738316,136.77259783878503,401.64485981308405,413.10904643691583,"Mask"
"98a989179e7bb5c0b1ff7477b8c81aff.jpg",148.8349153037383,115.23988755841121,361.7694947429907,324.18691588785043,"No Mask"
"98d4363493091ce8fb8e2e52f554ee67.jpg",218.21809287383175,116.03738317757008,311.1277380257009,212.13708382009344,"Mask"
"98e24cf0fa6b4ac11334a50097a1ea25.jpg",124.9096816588785,181.83177570093457,238.95327102803736,320.19940128504675,"Mask"
"98e24cf0fa6b4ac11334a50097a1ea25.jpg",363.66355140186914,137.96885952102804,490.56702686915884,324.7850467289719,"No Mask"
"9912ca5912949395de743aaf03518592.jpg",209.44549503504672,116.03738317757008,350.20560747663546,277.9314763434579,"Mask"
"991d0eb4c10e04603d184f29139756bb.jpg",185.5202613901869,180.63551401869157,318.70407418224295,334.5545414719626,"Mask"
"99209c436f982108cfe4a97fcdc9f8bd.jpg",207.45173773364485,183.8255512558411,305.54519567757006,301.05921436915884,"Mask"
"993dcff89605f1366ee04fe3449de052.jpg",240.54829877336448,194.59190639602804,349.80687792056074,327.37697137850466,"Mask"
"9940c826c0f30b515cbf551570c01b20.jpg",129.29596232476635,233.66979410046727,237.35827978971963,348.51091559579436,"Mask"
"9940c826c0f30b515cbf551570c01b20.jpg",247.72586886682242,220.5109155957944,364.5607476635514,354.4922240070093,"Mask"
"994cfada6ece75049384303265c643ff.jpg",227.38942026869157,196.984429760514,346.6168224299065,363.6635514018691,"No Mask"
"99708e073309553dbb1c8bf5e0c81efe.jpg",154.01869158878503,128.3987660630841,351.8006352219626,360.8722984813084,"No Mask"
"997b0fba30f3a31d6320ce40ffea6092.jpg",167.57633615654206,179.04050452686914,340.2367844626168,367.2523364485981,"No Mask"
"9987b24be10fde3a0412ec325bfec14e.jpg",174.75390625,187.4143363025701,344.62306512850466,392.77259783878503,"No Mask"
"9999bcf17f6a3f55e8d183cb79b64fe6.jpg",199.47663551401868,155.91278475467288,355.38942026869154,360.4735324182243,"Mask"
"99b1646a241d0cd09a83eff3229baafc.jpg",159.60127044392522,172.66044830607476,358.18070969626166,416.6978314836448,"No Mask"
"99b23de29cb2e3f5785aa24a44c5647c.jpg",193.4953271028037,100.88474737149532,312.722765771028,261.5825788551402,"No Mask"
"99b4336f0cc7069da728fde7a77bb112.jpg",168.77259783878503,194.59190639602804,362.1682242990654,413.9065420560747,"Mask"
"99b8ae13dc83414e1cb8a9b3962f4dae.jpg",235.3644859813084,158.30530811915887,314.31775700934577,254.4050087616822,"No Mask"
"99d54b7b8c70137fb43953b23d4d0a2a.jpg",209.84426109813083,114.04362587616822,280.822429906542,208.94704658294393,"Mask"
"99e80c3fdd1e556403d4009b65906ab7.jpg",186.31775700934577,98.49222400700934,340.63551401869154,291.4891209112149,"No Mask"
"99f702178503a79cabec406dbcde6fd5.jpg",160.3987660630841,127.2025043808411,363.7632520443925,369.2461302570093,"Mask"
"99f8582f12ebd0b2053deb56fb0988dd.jpg",142.85360689252335,159.9003176109813,369.3457943925233,401.14642961448595,"No Mask"
"9a05338876460038d20c9f4970941f50.jpg",186.71652307242988,130.7912894275701,321.09659754672896,295.8754015771028,"No Mask"
"9a168cf1e8f9c5b676211e865405287a.jpg",227.78818633177568,224.09970064252335,374.92837324766356,397.9564106308411,"No Mask"
"9a280965b78e6080f22e884027f95ad8.jpg",141.65734521028037,115.63863536799064,375.3271028037383,416.6978314836448,"Mask"
"9a3c5e63908eaedc7c3036dbf75901df.jpg",210.6417567172897,140.36138288551402,286.803738317757,228.48598130841123,"Mask"
"9a4a1a589ca6c6ce7a6583e807a34dad.jpg",170.7663551401869,167.8754015771028,355.38942026869154,385.5950277453271,"No Mask"
"9a520ff5c73fc603809fd903bc8863df.jpg",263.6760367990654,142.3551401869159,307.53895297897196,185.42056074766356,"No Mask"
"9a60ecdeaa488ffab06333666aea336c.jpg",223.4018691588785,111.65110251168224,325.0841121495327,232.07476635514018,"No Mask"
"9a701c88b3fb6f908c081363ef085f18.jpg",159.2025043808411,189.00934579439252,347.0155884929906,381.20874707943926,"No Mask"
"9ae3ab808bc1b15aba6ed0eebf7cd5ae.jpg",160.3987660630841,100.88474737149532,381.30841121495325,353.2959623247663,"Mask"
"9af5eac4d99e37ed4fb24b12f150c58c.jpg",209.0467289719626,217.7196261682243,312.72276577102804,341.33334550233644,"No Mask"
"9aff414d33dc3308fc95471c1d2ee454.jpg",211.4392523364486,157.1090464369159,304.74766355140184,248.82242990654206,"No Mask"
"9b01b8c930e1336917ed043e722b36ef.jpg",218.21809287383175,191.00312134929905,326.28037383177565,311.42680344626166,"Mask"
"9b2e71ebcf2ce7e71e0df930c5b10903.jpg",162.7912894275701,89.7196261682243,307.53895297897196,250.41745765186914,"No Mask"
"9b6d96c720c320219fc374c6e1ae5ec4.jpg",154.81622371495325,107.26480359228971,333.05921436915884,320.9968969042056,"Mask"
"9b8fd480a441088a3073b77ffd191ad9.jpg",130.49222400700933,167.8754015771028,253.30841121495325,317.80687792056074,"No Mask"
"9b93af9229fc09207cbb7c5dfc2244d2.jpg",197.88164427570092,90.91588785046729,312.722765771028,247.62616822429902,"No Mask"
"9b9d0e46482c97cdfb68d6ff6651470b.jpg",146.04362587616822,147.14018691588785,402.0436258761682,441.81932681074767,"Mask"
"9bad7fc73458ad9cc39695429780adbd.jpg",168.77259783878503,178.6417567172897,327.47663551401865,366.0560747663551,"No Mask"
"9bbf8de87b185ab25d06e0ae3c0fe9c7.jpg",148.0373831775701,149.93147634345794,351.4018691588785,348.9096816588785,"No Mask"
"9bde00eae2ec42b8071bad2afeecd4ac.jpg",186.71652307242988,129.19626168224298,373.7321115654205,321.7943925233644,"Mask"
"9bfc718d70bd4aec94d35012ad3deb84.jpg",189.5078125,214.1308411214953,297.5700934579439,320.5981308411215,"Mask"
"9c024eb7c025385ddc206608b81bb46a.jpg",274.44239193925233,179.8380183995327,359.37697137850466,269.1588785046729,"No Mask"
"9c0697156c5b4fdf8a74e3b63b10ec90.jpg",209.84426109813083,176.64798116238316,322.6915887850467,307.0405227803738,"No Mask"
"9c41bd5e874f7419239c5ecd3f3b2984.jpg",114.54205607476635,165.4828782126168,260.88474737149534,318.60437353971963,"No Mask"
"9c46402043f2654a965665181e80efef.jpg",246.52960718457942,127.2025043808411,416.7975321261682,369.2461302570093,"No Mask"
"9c5d09d272d6bf9b77b85b8ed878419c.jpg",118.92835499415887,89.7196261682243,335.05297167056074,297.86915887850466,"No Mask"
"9c56658dc2273c9de0280bfd1be8df2a.jpg",221.80687792056074,190.6043735397196,354.5919246495327,343.3271028037383,"Mask"
"9c7bddcb785564c7e212c48a14db84c8.jpg",130.89099007009344,183.8255512558411,349.0093457943925,411.115289135514,"No Mask"
"9c7f6cbf99306211953a1e0d6b70def5.jpg",224.99689690420558,138.36760733060746,368.14953271028037,319.40186915887847,"Mask"
"9c90f40e204b0fae619e0fa57c30b2cd.jpg",160.3987660630841,96.89719626168224,289.5950277453271,226.89097181658877,"No Mask"
"9c9811c0cb636297b8c61875c65c9686.jpg",256.8971962616822,181.43302789135512,377.3208966121495,333.35827978971963,"No Mask"
"9cb498911bc3a87cffabe48d89da6c58.jpg",122.1183922313084,99.68848568925233,397.65734521028037,370.0436258761682,"No Mask"
"9cd1efa1be09fdf2d611d1bda7fe34c1.jpg",169.57009345794393,172.66044830607476,301.1588785046729,329.3707286799065,"No Mask"
"9cdb6cc607f5737380b29cdabe0d69fa.jpg",145.24613025700933,135.57633615654206,334.65420560747657,333.75700934579436,"No Mask"
"9cddbb9da25d835ac18553a0974eda01.jpg",171.56388726635512,104.4735324182243,407.2274386682243,362.46728971962614,"No Mask"
"9cebefcd49dfc467bc65b7c2468543a8.jpg",213.03428008177568,236.85981308411212,443.9128212616822,399.55140186915884,"Mask"
"9d0635b0ddd461f883b402b7430d6911.jpg",133.28351343457942,92.90966340537382,309.5327102803738,291.0903548481308,"Mask"
"9d1cd1b1c1ed392beee61b1fc866f46c.jpg",148.4361492406542,148.33644859813083,385.69472838785043,399.15267231308405,"No Mask"
"9d2b5371e816390a4d2cf01e314c2b81.jpg",187.51401869158877,123.21495327102802,349.0093457943925,330.1682242990654,"No Mask"
"9d479047e18014d4bc3bdb7c4039300c.jpg",128.49846670560746,99.68848568925233,303.55140186915884,285.10904643691583,"No Mask"
"9d76199d519d74412b57611cd699659a.jpg",347.41435455607467,152.9221305490654,392.4735324182242,203.56386901285043,"No Mask"
"9d7832b8142f92f258d79925f6166700.jpg",128.09970064252335,164.68536433995325,252.11214953271025,312.2242990654205,"No Mask"
"9d8e991e941c69f2bf6f978e756f255a.jpg",235.76325204439252,238.45484082943923,393.66979410046724,379.61371933411215,"No Mask"
"9d9abe3e31db5ea2cf17a700e966748b.jpg",61.90654205607476,195.38942026869157,139.66355140186914,296.2741676401869,"No Mask"
"9d9abe3e31db5ea2cf17a700e966748b.jpg",298.7663551401869,225.29596232476635,339.0405227803738,278.7289719626168,"No Mask"
"9d9abe3e31db5ea2cf17a700e966748b.jpg",413.2087470794392,169.47041106892522,455.8754380841121,212.53583162967288,"No Mask"
"9da30280df0ce234c418191964592b03.jpg",184.72276577102804,164.68536433995325,375.3271028037383,392.77259783878503,"No Mask"
"9dcbda9a80c0c6e2fb61c4a2f3fa42ea.jpg",195.09035484813083,177.4454950350467,312.72276577102804,324.18691588785043,"No Mask"
"9dcebb3bb111f42b8d80473498904ef9.jpg",148.4361492406542,29.10903731016355,392.0747663551401,332.5607476635514,"No Mask"
"9dd8612932c38ad599f37d8871c0c5dd.jpg",156.80998101635512,152.32399970794393,332.6604483060747,354.0934579439252,"No Mask"
"9e084e1f98e685c06738d52ef7be0352.jpg",243.73831775700933,161.4953271028037,408.42370035046724,380.8099810163551,"No Mask"
"9e2855867150ef3cf1dbdab0e87a9c21.jpg",159.2025043808411,156.31153256425233,364.5607476635514,412.7102803738318,"No Mask"
"9e48fddbff7cc9c295c062d04e6ae5b1.jpg",107.3644859813084,123.61371933411215,323.48912091121497,397.9564106308411,"No Mask"
"9e526798b008f4086125898151c8c8c1.jpg",197.4828782126168,96.89719626168224,302.6542056074766,220.11214953271025,"No Mask"
"9e880cebf1ac127209ccce1c893673a3.jpg",242.94082213785046,178.6417567172897,321.09659754672896,266.36762558411215,"No Mask"
"9e880cebf1ac127209ccce1c893673a3.jpg",323.09035484813074,177.04672897196258,399.25233644859804,255.20250438084108,"No Mask"
"9e92b607f41bd0143222835a806e7668.jpg",164.58568195093457,194.19315858644856,246.42990654205607,305.6448598130841,"No Mask"
"9e92b607f41bd0143222835a806e7668.jpg",250.51715829439252,163.09035484813083,323.8878504672897,275.53895297897196,"No Mask"
"9eaa7d2afc4d417fd0c6ddc726ee0de7.jpg",143.65110251168224,183.02803738317755,283.61371933411215,336.14953271028037,"No Mask"
"9eacabf1a895d5c5a3f2089e46a80482.jpg",219.41435455607476,113.24611200350466,401.64485981308405,318.20560747663546,"No Mask"
"9eb5beee8b19e605f422073c4e46506c.jpg",155.61371933411215,61.408102730724295,346.2180928738318,302.25547605140184,"No Mask"
"9ed9815e3b5b667863b0fec49f2ec374.jpg",161.9937938084112,179.8380183995327,397.65734521028037,422.2803738317757,"No Mask"
"9f4c29236f15088e441e7e9ac164a7a1.jpg",179.14018691588782,121.22119596962617,364.95951372663546,320.19940128504675,"No Mask"
"9f981e8e1dbd8843f577c56963e24dda.jpg",158.00624269859813,172.66044830607476,298.7663551401869,319.40186915887847,"No Mask"
"9fa881596fac6b47f406624a0e8e0712.jpg",162.7912894275701,129.5950277453271,364.95951372663546,367.2523364485981,"No Mask"
"9ff8175024951da79b12915dcc279ad5.jpg",176.3489339953271,158.30530811915887,365.75700934579436,401.54519567757006,"No Mask"